feed_c,out_c,feed_f,out_f,pressure,out_f_setting,reward
17.65320364772926,61.99613422910522,621.0402280315891,140.3894099185391,48.51506882382675,158.17425785723137,-1.4944184610902553e-05
16.564406969280515,62.97086219960217,561.4468953111295,136.3024344380745,47.08453493754401,169.92278784181264,-0.9425734106163702
17.453896176019235,63.33266209534872,629.4992023043958,143.31489370982675,46.54701553344566,176.43618981679944,-1.7759882603792316
16.157693860802606,61.85993820748349,536.887341817211,141.76615286763493,47.22100346374366,165.00677860258335,-0.01961730572293851
18.930741178198325,61.194825550422415,705.753476094543,139.9172553863611,47.56231831869052,153.5287678782153,-0.6483058942525669
20.904178103768597,62.33535883458202,752.0092829589623,136.5362770589188,47.092536219278685,160.36221908147994,-0.11246554793220871
22.130461439132898,63.11907265587176,803.7100629272182,139.53395818075643,46.473031930636125,171.27996562957685,-1.2523236091198777
17.953302302680957,62.71239807775134,697.4900016581064,143.28990412903212,46.93832302439804,169.60202996147348,-0.5075110211838016
15.99622169666799,61.503288747492405,689.3319075927558,140.73317088318163,46.64505752563167,156.25819953497012,-0.24672206836766353
18.08174428259308,62.13030039434708,739.0731781819421,138.39166292318194,46.65682611083885,159.04689130573095,-0.016978192767004893
16.083424727124655,62.783508444462676,667.1780671996831,135.2543975397836,45.01656253560749,167.4760632866615,-0.6138854825443221
16.745594650904895,62.59956019931046,682.5672325303644,144.0866862487853,45.38736602783866,169.35210088092373,-0.3594724325971985
17.114022629735775,62.333883461422644,631.4917433200321,139.10936391448894,45.73323241678852,162.6222293395901,-0.11147816581156637
21.626046398800543,61.84781843694418,842.2778232625068,140.4004977874839,46.7125398000059,159.88181887309344,-0.023159228134112343
20.51548336187897,62.6901228790264,711.3175411987182,138.37951533435384,45.071125693180214,167.73496965534937,-0.47626958815568315
21.789047786395656,62.13521851221685,719.1876657104302,141.3473911597867,45.13208737037813,162.184289825427,-0.018284046046138983
23.918057721456872,62.02407053629699,728.7974910481596,140.4020289866181,45.75304432678695,161.60394416808782,-0.0005793907176246686
27.151099903738228,61.7585322875974,705.1328687133603,140.69716102092252,45.955903427118834,158.03825160725665,-0.05830665613294609
25.441798808425094,61.835576346077005,697.9944311319801,138.26412992859113,45.01754507446813,158.7987750244405,-0.02703513796938885
28.933159329093016,62.36749143982447,729.7135048827967,141.07664590454198,44.7680949859611,164.6770190302618,-0.1350499583442617
30.206421287536728,61.89085615031137,721.898058227522,140.85128759765965,45.7783762613931,159.93568410067326,-0.011912379924853896
29.382260495076522,60.97905921130787,740.8623278401475,140.8105536804241,46.18975341288569,150.19478841570933,-1.042320094015308
32.114749321410606,61.76007084894459,746.8608612060343,138.59791550700592,45.176616526289685,157.3096149410785,-0.057565997526168054
29.326223784131628,61.95259121635249,746.0946744791486,138.1094721094826,45.34557843525885,160.50854531605208,-0.0022475927669366115
29.518845469587795,60.91220375061148,754.6709752400504,143.81476669312198,46.67541587829902,153.8502247501034,-1.1833006801837265
27.19609322122971,60.904097989393016,722.6432513427527,139.35026789347708,46.55687820434867,148.13684875487849,-1.2010012168524309
28.924079922364037,61.52620094426112,747.8113143581625,137.22741855622598,46.685809148154185,152.71216348013803,-0.22448554521905414
29.998533174506647,61.27122809727778,713.8938021375694,141.88108332317083,45.78389862060619,153.95578792573085,-0.5311084861973684
29.161790510176797,61.56296552784631,734.8428476969215,140.85003149668867,46.86939468383661,156.81317345938749,-0.19099912985065529
28.915131536489994,61.331886339818894,732.8878071288865,139.6050056711882,46.70057910625916,152.92909940084385,-0.4463758629205946
27.164786965690674,58.31728612518326,682.0721955566213,53.323678569723654,48.533000249624365,140.78408335368002,-13.562381483767737
28.31201870600333,19.818649898162818,709.3546037190553,1.643301580648667,47.77087816874417,121.97080522235272,-1779.2662964137596
34.66008716265331,0.04999020285799894,722.4253306070777,0.19670727399693755,45.36544771829732,120.01138669337342,-3837.80371386599
35.4693688710525,0.09390546159123375,792.649311523415,0.19629766163326265,46.206842875160255,120.01143382826056,-3832.3645409984038
27.435465047625044,0.13782072032446854,698.268880310042,0.20032914545346686,46.53186384073928,120.01148096314778,-3826.9292252307164
29.432820420798702,0.1817359790577033,753.7729847208495,0.19666884544300015,45.284815165210674,120.01152809803493,-3821.4977665629285
32.18251675606171,0.2256512377909381,754.7537108357545,0.3770978215701667,45.54023969014868,120.01157523292207,-3816.0701649950397
30.323985711958976,0.26956649652417286,782.6860208129676,2.7419706196651648,47.03686358134551,120.01162236780935,-3810.6464205270513
32.84134122348853,0.31348175525740773,810.710838114395,3.9259984569061612,47.02333775838433,120.01166950269648,-3805.226533158961
26.696860427862838,0.3573970139906426,733.1093756103338,0.20338542568376672,45.6687197706496,120.01171663758369,-3799.81050289077
28.491975679390997,0.4013122727238773,735.4297974649884,1.427956281711233,45.767975701231926,120.01176377247087,-3794.398329722478
30.29568621636099,0.4452275314571122,729.6830890909648,1.6305037869418306,48.3675455559666,120.01181090735805,-3788.9900136540855
33.45534808094862,0.48914279019034707,771.9912169392677,0.3515697514409,46.22013993327309,120.01185804224522,-3783.585554685592
32.39215111859862,0.5330580489235816,767.5406221516718,0.2624809396757211,44.511598551431575,120.0119051771324,-3778.1849528169982
31.505751850771965,0.5769733076568165,767.5098780313931,0.19953079878067873,46.5888106791159,120.01195231201959,-3772.7882080483037
28.573590815487385,0.6208885663900514,739.3800934603346,0.2336890816250642,47.73790296441011,120.01199944690673,-3767.3953203795077
28.144772490895637,0.6648038251232861,725.236597493848,0.2578888471150227,48.35912118455613,120.01204658179398,-3762.006289810611
28.30737256893848,0.7087190838565208,723.2925594221731,0.25366404591450364,48.373207706376974,120.01209371668112,-3756.6211163416137
28.469972646981315,0.7526343425897557,721.3485213504982,0.24943924471398446,48.38729422819781,120.0121408515683,-3751.2397999725154
28.632572725024165,0.7965496013229905,719.4044832788236,0.2452144435134653,48.40138075001864,120.01218798645552,-3745.8623407033165
28.79517280306701,0.8404648600562253,717.4604452071487,0.24098964231294617,48.41546727183948,120.01223512134266,-3740.4887385340176
28.957772881109857,0.8843801187894599,715.5164071354739,0.2367648411124269,48.42955379366032,120.01228225622985,-3735.1189934646172
29.12037295915269,0.928295377522695,713.5723690637993,0.2325400399119078,48.44364031548116,120.01232939111702,-3729.753105495116
29.28297303719554,0.9722106362559298,711.6283309921245,0.2283152387113887,48.457726837302,120.01237652600423,-3724.3910746255137
29.445573115238368,1.0161258949891647,709.6842929204496,0.2240904375108696,48.471813359122834,120.01242366089141,-3719.032900855811
29.608173193281218,1.060041153722399,707.7402548487747,0.21986563631035044,48.48589988094368,120.01247079577863,-3713.6785841860074
29.091037357504327,1.103956412455634,732.9967822162398,1.7687400112593246,48.50589481823349,120.01251793066575,-3708.3281246161037
27.82448795000201,1.1478716711888688,731.6638627115726,5.078941465132284,49.09857991166884,120.01256506555295,-3702.9815221460985
32.28457999420495,1.1917869299221038,768.327621887187,1.8112522439723044,49.315109308875904,120.01261220044015,-3697.6387767759925
29.602685990657463,1.235702188655338,724.8974475097441,0.3817853189076997,49.392206990560105,120.01265933532729,-3692.2998885057855
33.007190258673475,1.2796174473885735,777.3114015502721,0.3527560908655,48.440365804037526,120.01270647021452,-3686.964857335478
31.823978321286596,1.323532706121808,782.1607271117894,1.740820388121036,48.8518185017859,120.01275360510168,-3681.6336832650695
28.420922604675557,1.3674479648550428,741.0126973673316,0.20342521177696662,49.837409835815244,120.01280073998889,-3676.3063662945606
30.882542860244794,1.4113632235882774,786.5324086506981,5.012587030919001,50.0016576894132,120.01284787487603,-3670.9829064239516
29.37951384523842,1.4552784823215128,753.6914818725382,4.36590041470161,49.27225176494131,120.01289500976323,-3665.6633036532407
31.23352963447485,1.4991937410547471,785.6879058430744,4.154036315728128,49.0230381469767,120.0129421446504,-3660.347557982429
29.298309308365752,1.5431089997879819,735.832627258285,6.7256260444394,50.1910362497963,120.01298927953758,-3655.0356694115167
33.62194590886433,1.5870242585212169,792.8304298909262,6.865639828364371,49.88390846761069,120.01303641442482,-3649.727637940504
30.589773917517427,1.6309395172544514,760.595934821215,6.87000902573516,49.03599510192349,120.01308354931194,-3644.4234635693897
32.56737484211601,1.6748547759876864,812.0003137823297,6.771159155855532,49.26608684284797,120.01313068419918,-3639.123146298176
29.897057665718428,1.7187700347209207,763.8409958625355,5.907816401190663,50.38004094118079,120.01317781908634,-3633.8266861268607
28.620435037613138,1.7626852934541557,793.3563241576929,1.8627822102679659,50.989105828027384,120.0132249539735,-3628.534083055444
30.770248420711834,1.8066005521873918,743.9693341064234,6.8360282452996675,51.06522137112682,120.01327208886066,-3623.2453370839276
28.088674976341153,1.850515810920626,765.2075988769295,6.851718351845096,49.29058697849377,120.01331922374787,-3617.9604482123095
29.865366195044164,1.8944310696538609,740.9286555989427,4.46816065217407,50.361387186689235,120.01336635863503,-3612.679416440591
29.889075644818654,1.9383463283870948,764.288585144016,7.104130815357409,50.88594324748001,120.01341349352221,-3607.4022417687715
33.25356405576448,1.9822615871203293,788.2306010741969,3.278280668216133,50.81023559570085,120.01346062840948,-3602.1289241968525
31.40941491309192,2.026176845853565,765.65146380613,4.497077735326935,49.47747670999684,120.01350776329659,-3596.859463724831
31.11695810772576,2.0700921045867995,782.9977234533859,3.3152490220194335,49.710803293867194,120.0135548981838,-3591.5938603527097
35.196957976033154,2.1140073633200345,804.3242841963073,5.073361786018169,50.76983165316487,120.013602033071,-3586.332114080487
33.45312605158575,2.1579226220532703,824.9113253783897,2.7160772495461045,51.05085697597773,120.01364916795814,-3581.0742249081636
30.749079466501918,2.201837880786504,783.8786900838039,0.19694011288766664,50.76197985330801,120.01369630284535,-3575.82019283574
26.50425165494784,2.2457531395197385,732.9294342854646,0.20217738091480006,51.261382548016606,120.0137434377325,-3570.5700178632155
25.790359805424682,2.2896683982529735,693.2412153320105,0.19535229491366682,51.318789738971546,120.0137905726197,-3565.32369999059
30.170724630357086,2.3335836569862076,747.1293759617497,0.19321832514903334,51.80935703022751,120.01383770750688,-3560.0812392178636
34.4789570490631,2.377498915719443,814.3944339340404,0.19631438995503342,51.27585875447003,120.0138848423941,-3554.842635545036
30.290804154084004,2.4214141744526776,790.5595979003649,0.19495443563586667,51.09823526509801,120.0139319772812,-3549.6078889721084
31.66219749451101,2.465329433185914,821.6666022745517,0.19506655963126668,52.13954080200577,120.01397911216843,-3544.3769994990794
29.271576503117995,2.5092446919191476,757.4812137857868,0.1930881162278333,52.18901243845602,120.01402624705564,-3539.14996712595
31.065640338262472,2.553159950652382,790.4232395019283,0.19322194164846668,51.82638343556962,120.01407338194275,-3533.9267918527203
29.575757614136354,2.597075209385618,729.4481350097474,0.1960676068784179,51.62112473042967,120.01412051682998,-3528.7074736793893
29.938811299649004,2.640990468118851,773.9304143269658,0.1907379677441487,52.45717272440921,120.01416765171717,-3523.492012605957
33.138293472922335,2.684905726852086,754.2253754679128,3.6281613372507993,52.23809597454741,120.01421478660437,-3518.2804086324245
25.854434178673046,2.7288209855853216,706.1046200561342,6.592339710071503,52.150757897115284,120.01426192149151,-3513.0726617587907
29.834168415073496,2.772736244318557,785.7200672403666,6.900002925486083,51.0125823720295,120.01430905637872,-3507.8687719850564
30.120958763755187,2.816651503051792,783.4889736938266,6.848466504352194,51.68921237599188,120.01435619126586,-3502.6687393112215
29.13151118087558,2.8605667617850257,773.9001106567116,6.820178594008011,51.84290493188721,120.01440332615304,-3497.4725637372862
25.9002821782344,2.90448202051826,715.5520662027815,6.768341285328398,52.03702119106578,120.01445046104027,-3492.2802452632495
32.19319040086763,2.9483972792514956,821.8394564615614,6.815840684437955,51.475487436926954,120.01449759592738,-3487.0917838891123
29.76373910797937,2.9923125379847297,803.4532929280386,6.818725004996027,51.70704179891676,120.01454473081465,-3481.907179614874
25.11579435984215,3.0362277967179647,730.4825159708454,6.881818185655836,52.17399327596832,120.0145918657018,-3476.726432440535
27.376112802836094,3.0801430554511997,768.5531726074015,6.872317743055058,51.84894930521638,120.01463900058899,-3471.549542366095
27.681829234125665,3.124058314184435,731.8130798339669,6.710395257846892,51.38929950460209,120.01468613547615,-3466.3765093915545
28.151090126667846,3.1679735729176706,768.9483748575627,6.92885831992986,51.57507702635952,120.01473327036334,-3461.207333516913
29.56943073908226,3.211888831650904,728.5634298095462,6.813147713989396,52.21987478129,120.01478040525052,-3456.042014742172
29.944760729470623,3.255804090384138,819.6760436401121,6.771155546197062,51.8124630533925,120.0148275401377,-3450.880553067329
29.919067506790828,3.299719349117373,803.7106875610147,6.739645169105604,51.94249799601422,120.01487467502494,-3445.722948492385
27.421190452574823,3.3436346078506087,762.9740177408639,6.699451715592512,52.00786624145726,120.01492180991205,-3440.5692010173407
31.01224203427866,3.387549866583844,806.429874674456,6.661681674861614,52.15803006490017,120.01496894479928,-3435.4193106421953
28.237539625162164,3.4314651253170783,737.9590989176203,6.632993702892512,52.509615681962835,120.01501607968645,-3430.27327736695
29.58666218121633,3.475380384050312,781.2340188598408,6.584563374532999,51.51243868510518,120.0150632145736,-3425.131101191603
28.384280017219645,3.519295642783547,729.1281109618967,6.559878075130668,51.46043527391524,120.01511034946081,-3419.9927821161555
29.195226634339004,3.563210901516784,781.6490266723368,6.495092165483436,51.78707777234584,120.01515748434797,-3414.858320140607
31.759138126370303,3.607126160250018,761.1733426106575,6.463578129457767,52.44325399779659,120.01520461923518,-3409.7277152649576
30.94601275698927,3.6510414189832514,743.5219782511172,6.435265078179579,52.51858702596116,120.01525175412235,-3404.6009674892075
29.75105688159012,3.6949566777164864,755.1465097045667,6.437536457919552,52.17150744120403,120.01529888900957,-3399.478076813358
29.95641991456916,3.7388719364497223,765.6204816690885,6.389437767142274,52.299571253463725,120.01534602389668,-3394.3590432374062
29.026964837711876,3.7827871951829577,762.4105579426882,6.501860609113994,52.29192255147694,120.0153931587839,-3389.2438667613537
27.361247501365863,3.8267024539161905,716.9849191283995,6.532277520190067,52.57981349182102,120.01544029367108,-3384.1325473852007
30.1497340170523,3.8706177126494254,809.5512787068436,6.438755365228502,52.38195087687292,120.01548742855825,-3379.0250851089468
29.183455702464435,3.914532971382661,737.0064978027126,6.347848249285673,52.44525089009077,120.01553456344547,-3373.921479932592
29.229895436601243,3.9584482301158967,794.8945904540798,6.4111692675113305,52.65952499389769,120.01558169833261,-3368.8217318561365
25.969967627841402,4.00236348884913,679.6376070149555,6.441682378756405,52.72032721965134,120.01562883321982,-3363.7258408795806
33.12949213409742,4.046278747582364,803.1618278604893,6.441643723281327,52.335126250760474,120.01567596810698,-3358.6338070029237
29.948621352510177,4.0901940063156,791.1557859496842,6.399670829346985,52.64866591944858,120.01572310299419,-3353.545630226166
26.922254228595836,4.134109265048835,704.9476016438534,6.3649463111959745,52.510799723304736,120.01577023788134,-3348.461310549307
30.858131055825826,4.178024523782068,829.4454648844163,6.339996026205672,52.71843708292666,120.01581737276852,-3343.3808479723475
26.59372434298333,4.221939782515306,731.1688067830179,6.296947600859334,52.28105211893132,120.01586450765573,-3338.3042424952873
27.72862194378682,4.265855041248542,750.8547083333175,6.275108179834395,52.144855275469176,120.01591164254285,-3333.231494118126
28.69105130195491,4.309770299981774,801.5732868448644,6.20388191452518,52.50139990233928,120.01595877743013,-3328.1626028408655
25.968061491645614,4.353685558715009,723.0640761311653,6.131253920721934,52.85929778682623,120.01600591231727,-3323.097568663503
28.088519675568527,4.397600817448242,756.66869543455,6.14699434700777,52.33268712476512,120.01605304720445,-3318.0363915860394
28.858393461864615,4.441516076181477,775.3412400715939,6.083787349732151,51.66569326574304,120.01610018209163,-3312.9790716084754
32.54384429931881,4.485431334914716,796.9573827717854,6.067537311490981,52.17264097548847,120.0161473169788,-3307.9256087308104
24.557090387343212,4.529346593647949,667.6933455199982,6.028566068289875,52.68848789515948,120.01619445186599,-3302.8760029530445
31.86928242047644,4.573261852381181,817.0890030517322,5.966801216510836,52.1135070440081,120.01624158675314,-3297.8302542751785
29.637808650331827,4.617177111114418,690.7005253295691,5.9131476402482255,52.225897740679535,120.01628872164038,-3292.788362697211
28.114225792358898,4.661092369847652,784.4013758748121,6.031217759614467,52.21719796244484,120.01633585652752,-3287.7503282191433
31.384132800633786,4.705007628580887,759.5737097019799,6.152569547604311,52.34837100728849,120.01638299141474,-3282.7161508409745
29.11334299595419,4.748922887314122,710.1551759384412,6.279869863470668,52.38994026461612,120.01643012630193,-3277.6858305627047
29.032880045566543,4.792838146047356,757.6768220824932,6.351954679492558,51.82420674873771,120.01647726118907,-3272.659367384334
29.279687253777503,4.836753404780591,762.7338435668681,6.416775506605508,51.854114812216174,120.01652439607628,-3267.636761305863
29.547666808534967,4.880668663513827,713.0894304809378,6.459053398454669,51.847898142496675,120.01657153096343,-3262.6180123272907
29.568612605499474,4.924583922247062,774.4956471760851,6.461370533341441,51.79044304402387,120.01661866585064,-3257.603120448619
27.40249618466703,4.968499180980297,760.0351995849371,6.466581472695463,51.83172960408954,120.01666580073783,-3252.5920856698453
28.586264143627012,5.01241443971353,705.0949285278122,6.451982409946807,51.90043063863529,120.01671293562504,-3247.584907990971
28.276415589650643,5.056329698446766,766.9025450235814,6.427434508016166,51.628621266688555,120.01676007051218,-3242.5815874119958
28.879606402716963,5.10024495718,779.4656309000391,6.401150473135461,52.05183123271042,120.01680720539939,-3237.58212393292
28.25838009516721,5.144160215913234,697.0424851480911,6.38633926949417,51.380686747236155,120.01685434028654,-3232.5865175537438
32.297713619237896,5.18807547464647,783.2846220906329,6.389926574176707,51.13411967468003,120.01690147517368,-3227.5947682744663
28.86439532408022,5.231990733379703,757.8869760741981,6.394814309360787,51.54590686034116,120.01694861006096,-3222.606876095088
29.934800226845194,5.275905992112941,664.5238206380013,6.414229210228367,51.482909444168804,120.01699574494808,-3217.6228410156086
32.45509144465716,5.319821250846176,802.9951846313181,6.411925222093634,51.61296996053672,120.0170428798353,-3212.642663036029
30.02218500137451,5.363736509579408,749.1189458211047,6.398324366783116,51.34806198120117,120.01709001472248,-3207.666342156348
32.30360430187804,5.407651768312642,758.6742492675567,6.3965800099113785,51.55081487944752,120.01713714960967,-3202.6938783765677
29.044359253775102,5.451567027045877,745.7023347981544,6.385236124998165,51.187072134305815,120.01718428449684,-3197.725271696685
35.51197847684731,5.495482285779114,749.70904345701,6.392704997078834,51.65193818988724,120.01723141938402,-3192.7605221167023
27.675949453353994,5.53939754451235,755.9803844400816,6.38984600299841,51.582726986514594,120.0172785542712,-3187.799629636618
29.412226050697658,5.583312803245584,724.122890218076,6.380980644464091,51.516475508259795,120.01732568915834,-3182.8425942564336
30.092283206938696,5.627228061978818,733.4092531738097,6.371003641929098,51.54351869848911,120.0173728240456,-3177.8894159761485
27.359770689006492,5.6711433207120505,756.8960048014069,6.369520703321736,51.777547653201935,120.01741995893273,-3172.940094795763
27.216805329546354,5.715058579445287,666.386621568446,6.367752023073,51.34116607666157,120.01746709381992,-3167.994630715276
27.05025068419231,5.758973838178522,697.8003475273753,6.367270991336571,51.332871678670784,120.0175142287071,-3163.0530237346884
25.519949525197994,5.802889096911759,640.4335053507294,6.3928002482151,51.12669878133749,120.01756136359427,-3158.1152738539995
32.46049739201712,5.846804355644992,698.6423243204584,6.4069254226326615,51.10683830261817,120.01760849848147,-3153.18138107321
33.44203521792562,5.890719614378226,698.4862748616357,6.429308036975836,51.03712916056104,120.01765563336863,-3148.25134539232
26.4387691955531,5.93463487311146,557.0123334859127,6.461559914754732,51.21790257772518,120.01770276825584,-3143.3251668113294
29.638519284563124,5.978550131844697,674.0606414286099,6.489402762430554,50.57971841430917,120.01774990314303,-3138.4028453302376
32.6260511042314,6.022465390577933,668.3704282633258,6.4855869341074985,50.772315490731,120.01779703803024,-3133.4843809490453
29.29904706128292,6.066380649311165,563.790850769043,6.481753030154434,49.19592184448178,120.01784417291736,-3128.5697736677525
30.085027792620245,6.1102959080444,671.8287982584428,6.476157693405099,49.792346918743796,120.01789130780456,-3123.659023486359
29.23094185257389,6.1542111667776345,619.0745959675965,6.464692142655703,50.300594019575506,120.01793844269176,-3118.7521304048637
32.19649521192187,6.1981264255108695,605.493362121566,6.466431897642135,50.29574539524294,120.0179855775789,-3113.849094423268
29.007647390373016,6.242041684244106,678.4271245320418,6.449917143187506,50.55308358934418,120.01803271246614,-3108.949915541572
30.003051703770186,6.285956942977341,608.4639242553525,6.4433777968119985,49.844854253128844,120.01807984735329,-3104.0545937597744
31.295376024249006,6.329872201710576,661.3519267781386,6.440068350635168,50.35732170104737,120.0181269822405,-3099.1631290778764
30.143429911935005,6.373787460443809,654.180794067363,6.4290729586403375,50.15190551757148,120.01817411712764,-3094.2755214958784
27.832375609078323,6.4177027191770435,627.130227783185,6.412019302061003,50.33147295634484,120.01822125201484,-3089.391771013779
29.678830534615347,6.461617977910279,594.4000347188111,6.3927231057641665,49.8472420501655,120.01826838690201,-3084.5118776315785
31.892434407549565,6.505533236643514,673.1437542724434,6.368706911402674,50.16835060119765,120.01831552178916,-3079.6358413492776
28.44017324065863,6.549448495376749,635.8913850911288,6.363584450490296,49.89082786051133,120.01836265667643,-3074.7636621668757
26.96135764375579,6.593363754109983,576.4400903320108,6.3424962376647365,49.78929467265012,120.01840979156356,-3069.895340084373
34.52187829652733,6.637279012843218,668.5481061808082,6.326546397477937,49.501987767537784,120.0184569264508,-3065.03087510177
30.469825930281857,6.6811942715764525,633.1986246235996,6.314782247988305,49.791185607909284,120.01850406133795,-3060.170267219066
28.60169229380145,6.725109530309687,602.4803975117852,6.294483211636061,49.11747766113738,120.01855119622512,-3055.313516436261
31.512233282726314,6.769024789042923,635.3595398762837,6.281390044272454,49.24295496623185,120.01859833111227,-3050.460622753355
28.783173397065735,6.812940047776158,616.3421606953798,6.263771161358124,48.59183770752081,120.01864546599948,-3045.6115861703483
29.613037895839533,6.856855306509392,655.4707179768759,6.233132912247602,48.47766559809516,120.01869260088664,-3040.7664066872417
31.677923556008047,6.9007705652426266,662.664987792949,6.217110036471198,48.862464101625406,120.01873973577382,-3035.9250843040336
29.794784809746314,6.944685823975863,597.6632583109426,6.203443583025299,48.48436655680679,120.01878687066109,-3031.0876190207246
29.843078708643638,6.988601082709098,663.2027497151544,6.199226266880595,47.96123811848619,120.01883400554817,-3026.254010837315
30.262119191487315,7.0325163414423315,659.6890242716257,6.15702331360882,48.24841645177811,120.01888114043541,-3021.424259753804
29.89479401588998,7.0764316001755665,588.0978946092292,6.146518256915112,48.34874991480437,120.01892827532261,-3016.598365770193
30.566633241016223,7.1203468589088,675.4462675102887,6.129564888006495,48.016108540858156,120.01897541020975,-3011.7763288864808
27.791880956646608,7.1642621176420365,633.4926015421446,6.097063381047635,47.86740056355884,120.01902254509696,-3006.958149102668
29.029442043306176,7.208177376375273,601.6962549031388,6.055622842085215,48.086078872684006,120.01906967998411,-3002.143826418754
29.33627808189418,7.252092635108506,645.0968971964347,6.033144569793221,48.948394902549,120.01911681487131,-2997.3333608347407
29.51753156090465,7.296007893841741,659.2017914767638,6.017099919197905,47.79409818013482,120.0191639497585,-2992.5267523506254
31.2721423804002,7.339923152574975,674.53907416448,5.988314082157436,48.07757147725044,120.01921108464572,-2987.724000966409
32.53461883990349,7.383838411308208,635.7031131320357,5.961321193858067,47.57433037821741,120.01925821953282,-2982.925106682093
28.48174346288214,7.427753670041443,642.906316646985,5.911512821538499,48.257880579630495,120.01930535442004,-2978.1300694976753
30.154547303526154,7.47166892877468,622.0313582865281,5.873282243419012,47.85970853169818,120.01935248930725,-2973.338889413157
30.932511205671666,7.5155841875079155,628.084327189111,5.813975947394735,48.19251145426908,120.01939962419436,-2968.551566428538
32.347650887174474,7.55949944624115,625.6196309305652,5.777684020370772,48.07255166625925,120.01944675908159,-2963.768100543818
28.10545560995774,7.603414704974383,682.0302088690686,5.736321138717668,48.23509328206001,120.01949389396879,-2958.988491758997
28.22817266146266,7.647329963707616,620.6289098442727,5.711588776923999,47.98868637084568,120.01954102885598,-2954.2127400740756
26.64753711414386,7.691245222440851,628.1411440700776,5.677825099634507,47.773602320359,120.01958816374312,-2949.440845489054
31.55155936368788,7.735160481174088,721.9628033786153,5.660232165221792,47.691000086471945,120.01963529863033,-2944.67280800393
28.01519353420995,7.779075739907325,631.8982821655117,5.629886990837713,48.016650314328736,120.01968243351747,-2939.9086276187063
29.882874684653096,7.822990998640559,687.5808514404089,5.620154587156137,48.35739415996064,120.01972956840466,-2935.1483043333824
29.33136299070145,7.866906257373793,602.162580251043,5.604827821564697,48.987699045825,120.01977670329188,-2930.3918381479566
30.237158420354245,7.910821516107026,691.0054080606919,5.575224541514974,48.34641701761464,120.019823838179,-2925.6392290624303
33.10333083301004,7.954736774840261,683.2052069295057,5.567993153259646,48.31458974879981,120.01987097306626,-2920.8904770768036
29.19412483914823,7.998652033573497,655.7818997802577,7.631341982792221,49.16698382907707,120.01991810795342,-2916.1455821910754
26.977297383620872,54.600825995527295,525.047504669185,172.08949048360742,48.23338317871567,128.29574404391286,-54.74777594846465
33.1988392594703,60.59671824079406,701.6974324544063,154.31224606832447,48.470260452270615,142.9370065434785,-1.9691996957201143
32.26917853990949,59.63277649619995,665.4506537712795,148.5622286834758,48.354403508503246,133.81230335234582,-5.603747116943376
26.986737324393662,60.22319340389462,608.0165425787916,150.14765615845553,48.90065616862162,140.9821025153197,-3.1570416799635894
30.145557479857175,60.984433892571055,645.0119541422358,148.29314578246925,48.47436381021707,147.97824638367427,-1.0313745185583805
28.74973942756984,60.451608931233274,672.3768676248983,152.4132375844336,48.6668803660043,147.35101130167203,-2.3975149018365647
27.063740945389835,59.91403486887613,606.0993714396087,148.81391682943465,48.49305035908432,137.58145375568031,-4.351250528264627
30.354691136468567,60.984862082164376,681.3211243285979,150.59768193563312,49.00489028930153,148.25152028401916,-1.0305049922276455
27.322203535714227,60.77661877695877,609.6085399780216,149.32267637465554,48.61414112853828,147.97933893840397,-1.4966616168898552
26.8438005790719,61.15951834106586,647.1121785685106,147.8764870775069,48.678550511685216,151.677801513663,-0.7064094190046806
28.94776025835307,61.81073409143833,639.8139456176591,152.4553200302208,49.09965849304171,157.7663549804624,-0.03582158414367549
27.697073671336632,60.73592805215303,586.8056996052962,149.0623037160318,49.371349721273695,149.48595898946903,-1.5978778893336378
28.33136957295565,61.12926470111379,664.54865523273,149.89057127380494,48.83482437641798,150.49030923685598,-0.7581799607264571
28.084091749187603,60.265659533602275,645.4043254597827,148.6166910654772,48.52497599284063,142.91906704317717,-3.0079368533846793
29.290394077312964,60.5647997008373,581.6907357787962,151.60240484110804,48.15312568155722,149.7495826593972,-2.0597998987167085
29.350121389568017,59.94905825296577,632.9808821614434,151.72673255920938,48.648756343495066,140.06821360946816,-4.20636204972782
28.846845992862114,60.38939332325946,658.0358624267402,148.15538876852136,48.94885656645127,142.57536145107926,-2.5940538671612
29.229500048957178,60.586691761017185,610.1341154988428,150.75780209859593,49.295544433597804,145.18230449081244,-1.9974401783767048
27.713369270956015,59.75829772948283,595.0493006896826,150.9496585083107,49.06362958272882,138.06609543354992,-5.025229069641849
30.098856515881472,60.499455699911465,694.5375082397285,148.53565165202556,49.28028710799175,142.5897383066794,-2.2516331965281915
29.624481318785662,60.74087238947508,678.6478436279097,151.38488220214896,49.589278118251926,147.97089018504207,-1.5854023395861965
25.958362659873348,60.141672344195044,563.7786796061177,148.03044303894507,49.70297653198149,140.45466154733953,-3.4533816763295437
31.111608335706503,60.83410121917504,684.9054353840982,150.66479190826757,49.46669588725035,144.9539760996447,-1.3593199671291294
27.03746898862628,60.2173774210603,661.6863114420353,149.91607666015855,49.34595090956919,143.2947734730886,-3.177743258945632
25.548365489115763,60.369382761743374,601.351326416002,150.73335019430462,49.403824964249644,143.9895607147316,-2.6589125776996663
30.540595318476456,60.92514720316502,665.4548084987881,148.81048159281775,49.26865979512749,148.60413883634882,-1.1553085348639829
28.370486451254965,60.948858153820986,632.7186906941556,152.07097045898794,49.63898122151587,151.32977718777153,-1.1048991807886266
29.15521424632448,60.76673912811327,681.2503874443715,147.5994906616209,49.460810139976296,147.02767608643182,-1.5209323781268118
29.911158029558457,61.34691939256372,638.1144927571448,149.93850199381907,50.06148562113772,151.85596750893663,-0.42651427980934054
26.957798246379124,61.554282387121006,584.5072188313607,147.74342817688344,49.87947617594483,155.45734880236526,-0.1986641904305487
30.684557370504688,61.26281085459951,692.0846168009282,152.89155742391569,49.744266159061986,154.1598746236256,-0.5434478360963083
28.00849616051132,59.88362763722199,631.8908442179168,151.77914423116746,49.25218616231201,141.97256694793995,-4.479031977930571
30.56347921372066,61.28598672866351,649.6474621581856,143.20060718283196,49.168253860469015,147.33980405173838,-0.509814951644637
29.097860040663836,62.29358596166214,639.6068634033054,154.15656398774155,49.64373118082753,160.92340983717702,-0.0861927168850827
28.39699510256131,61.62209909437468,652.4857258097269,150.2017039235513,49.50686749775885,155.09610913712135,-0.14280909447243498
31.086875877378013,60.99134545643365,683.7573402913259,150.94242619832528,49.12796241760832,150.21282810719507,-1.017383988257044
27.213136987687662,61.30678702036571,580.3845857747326,148.47993357340295,49.35254717509433,148.51109954069426,-0.4805442351334494
29.265207268392338,61.0321916071538,686.2660288492615,151.1495835622219,48.927199757890556,152.3151796188356,-0.9366530852635476
26.65370977720434,59.175052216840804,454.6505310058529,52.598297868576495,50.986380310061904,146.88278233931308,-7.980329977576056
25.29080895741484,57.13164948781659,424.29221717023137,3.2517700135831005,53.15229338582607,126.55174742973742,-23.700836709476487
29.278544909154668,56.43359509786389,595.8898660030871,0.1815755295540667,54.60794296264357,120.20530115507358,-30.98486353452488
25.485436220168165,56.241242500296586,497.03877448625923,0.1822663571213,56.21792178853667,120.36818239341223,-33.16328794039031
26.474347095488657,56.84778934860293,515.3861746419253,0.18361546041663335,55.628882334396025,120.6238936216551,-26.545274596369417
21.58689058304734,57.57493233108038,297.0915702819803,0.17957176789790014,54.70960198465446,120.64301915231073,-19.581223874517693
22.12634976784105,23.569429000868002,231.6576312516149,16.071319744104564,54.339404881792184,120.50027754042698,-1476.9087873193257
27.274961527983113,0.31763401287143544,605.7980869440069,0.18553482800661122,51.33998443603958,120.17920392461832,-3804.7142737700747
29.58884293237833,0.610384255149256,642.3025367736653,0.18717449003883332,49.7893954213445,120.1939312831479,-3768.684921300426
19.813726728440876,0.9031344974270762,470.27222008261003,0.18616175721150008,50.538985926303525,120.20865864167756,-3732.8269742394855
20.304019996016258,1.1958847397048966,556.5316475626458,0.1883391296407,47.10728265889936,120.22338600020707,-3697.1404325872522
17.97325429024444,1.4886349819827176,500.5282084859227,0.18747830784906672,46.424581069945845,120.23811335873675,-3661.6252963437255
17.859424151461607,1.7813852242605381,590.1681867268705,0.19177584025761224,47.392233032230564,120.2528407172663,-3626.281565508907
18.696305514288834,2.074135466538358,637.8475870768029,0.18979728836256585,48.21682799785076,120.26756807579596,-3591.109240082796
19.040115874608478,2.366885708816179,674.301599019348,0.1891336428320556,49.055648167927174,120.28229543432552,-3556.1083200653925
17.557401924135206,2.6596359510939993,719.391658935527,0.191749865187,50.016899693808625,120.29702279285516,-3521.2788054566963
16.282415506999165,2.9523861933718196,725.4633452351698,0.19070096345933335,49.03947650485844,120.31175015138477,-3486.6206962567067
14.996456865631325,3.245136435649641,727.4149704386182,0.19339390905989387,48.436186113150185,120.32647750991431,-3452.1339924654253
15.433349855417667,3.5378866779274607,706.8011944173036,0.1896898745399394,48.90169115194503,120.341204868444,-3417.8186940828514
13.044407505993647,3.8306369202052815,596.3804950968317,0.19307003163499986,49.75899065653215,120.35593222697351,-3383.6748011089853
15.385673618317165,4.1233871624831036,675.3697608235457,0.19569228289166668,49.70005841573152,120.37065958550316,-3349.7023135438253
15.597568235070497,4.416137404760926,683.8630259602716,0.19361256763233328,49.534988006599356,120.38538694403277,-3315.901231387374
17.169953448922612,4.708887647038748,654.748644449852,0.19231771709053339,48.815081024173494,120.40011430256236,-3282.271554639629
18.21850483194307,5.001637889316568,610.5722272135266,0.19269387462743337,49.32094996643689,120.414841661092,-3248.8132833005925
20.951862144469,5.294388131594385,686.2908882649582,0.19632885744443332,49.25775045267645,120.42956901962154,-3215.5264173702635
22.952407897311982,5.587138373872204,707.3085085042102,0.19154370108076668,48.931959581167405,120.4442963781512,-3182.4109568486415
25.832668170922872,5.879888616150026,708.8865557861155,0.19679642345325774,48.689714719986796,120.45902373668073,-3149.4669017357273
22.577371409737665,6.172638858427848,606.0818331909009,0.19562257544654252,47.72416617838322,120.47375109521039,-3116.6942520315206
24.36145392100648,6.46538910070567,698.11941038003,0.19371745686476663,48.782119476316886,120.48847845373996,-3084.0930077360204
26.44261056581895,6.7581393429834895,698.3886217854603,0.19086799832064544,47.821310038243496,120.50320581226958,-3051.6631688492284
22.634575322467867,7.050889585261311,555.7941832580444,0.19377466984102107,48.01371707153131,120.51793317079922,-3019.404735371144
25.145450604756498,7.34363982753913,698.0686854044421,0.1929265609081,47.37408721924215,120.53266052932874,-2987.317707301767
27.457482411066838,7.63639006981695,675.7403981526506,0.1984182190587001,48.374580764773675,120.54738788785845,-2955.402084641097
26.374411402805684,7.929140312094769,658.1369588215925,0.19597440137213343,47.45910338084266,120.56211524638796,-2923.6578673891354
26.49244391653027,8.221890554372592,704.7490977986465,0.19798901327766658,47.955391070053324,120.57684260491762,-2892.0850555458796
26.41515651766509,8.514640796650413,645.6952650349706,0.1985243148583,47.784458007820575,120.59156996344718,-2860.6836491113327
26.893498585386737,8.807391038928237,698.3533559773565,0.19741754331270003,47.84475392659756,120.60629732197681,-2829.4536480854917
27.95728946686133,9.100141281206051,684.505232645648,0.1971028731061666,47.67671775817882,120.62102468050642,-2798.3950524683605
25.113470573424657,9.392891523483874,666.5739086913921,0.19819246416754163,47.898819071456,120.63575203903602,-2767.507862259935
26.84451255480049,9.685641765761693,665.8517121378363,0.2000714432739918,47.612266858419375,120.65047939756565,-2736.792077460217
24.41604850768251,9.978392008039515,633.4318067219854,0.19770689545933326,47.30038373057803,120.66520675609519,-2706.247698069207
29.86046561177892,10.271142250317338,731.7454456583463,0.19506656084943327,47.53563975016661,120.67993411462487,-2675.874724086904
28.76783564948648,10.563892492595159,656.2108328450316,0.19890167755553334,47.84281086731042,120.69466147315437,-2645.6731555133088
27.01784093539113,10.856642734872977,672.5859782918081,0.19804929455000006,47.534833775842266,120.70938883168402,-2615.642992348421
27.121118307754863,11.149392977150798,706.1504649251116,0.19694011232403325,47.54936419169169,120.72411619021365,-2585.784234592241
27.464727753959686,11.442143219428619,655.0065666707177,0.20130570909143342,47.05416204834054,120.73884354874322,-2556.096882244768
28.07625973066164,11.734893461706442,673.7112833251814,0.20385923916953336,47.09864577229678,120.7535709072729,-2526.5809353060017
31.169146032330325,12.02764370398426,735.0857102118414,0.20040148443286676,46.935293523159324,120.76829826580241,-2497.2363937759437
27.332282670339136,12.320393946262081,617.3962300753909,0.19895834254663336,47.06047547482977,120.78302562433208,-2468.0632576545936
27.124418353405666,12.613144188539902,698.5375052822957,0.19721740906322205,47.39536178510741,120.79775298286161,-2439.0615269419495
29.37878172938051,12.905894430817721,688.7742923250902,0.2021577208780599,47.27580079432634,120.81248034139128,-2410.231201638014
27.180064601892845,13.198644673095544,648.6151101684379,0.2009033990525512,47.40063858758901,120.82720769992086,-2381.572281742786
30.261095447547497,13.491394915373364,722.6129585774546,0.20186632837670004,47.233561589564026,120.84193505845047,-2353.0847672562654
27.740757121405434,13.784145157651185,661.5754577174156,0.202205330186103,47.37042426554463,120.85666241698009,-2324.768658178452
28.511348285394185,14.076895399929002,678.3175243585546,0.202156666026697,47.33101895141716,120.87138977550963,-2296.6239545093463
23.641223281067933,14.369645642206825,607.8142968749827,0.2088360906260667,46.5834207661969,120.88611713403932,-2268.650656248947
24.661029737266336,14.662395884484646,644.8762635294396,0.2020254714611001,46.691142018639944,120.90084449256882,-2240.8487633972563
26.377149108243007,14.955146126762465,633.7865509033012,0.20433666923149998,47.236178766889196,120.9155718510985,-2213.218275954273
31.675362831759006,15.247896369040285,686.8704980468576,0.19943248430928784,45.74769091289419,120.93029920962809,-2185.7591939199965
29.713966557194308,15.540646611318106,701.6873880004749,0.1987663171087455,44.71416225688872,120.94502656815767,-2158.4715172944275
31.428325913752317,15.833396853595932,692.0361562092883,0.20187356118766664,47.11221210225723,120.95975392668731,-2131.3552460775663
32.37354830212485,16.126147095873748,682.100260843895,0.1981807079300666,46.93258271281448,120.97448128521685,-2104.4103802694126
29.962226759802075,28.019392499736604,674.2505151163481,69.52840003546298,47.00511764018575,121.16492921970121,-1154.681686086957
27.804571236294432,61.24657841364204,654.6273004150186,146.76562400563537,48.53935719298738,136.27471442539886,-0.5676440867901434
32.668737727480284,62.425860544836,682.5891387125478,139.81290548960078,48.23948253207801,160.05292182413476,-0.18135720364801364
33.85868344433638,61.036560713437055,700.365749966077,142.59323270162614,49.08267851935484,154.6370238520317,-0.9282152588929167
30.060080843603373,62.15816748809654,688.295508293981,140.00206899007867,48.203281936647684,160.0877344733372,-0.025016954290768497
31.725162206227573,62.785990834970455,693.6207974175132,137.56889101663955,50.23712760925366,162.735687371975,-0.6177815926575537
27.584718270832933,62.34663491778729,620.8641897243722,140.69783280691271,50.10512662251449,162.81080268013366,-0.12015576622940226
30.491217796529398,61.681373300262905,686.2471316343181,141.29662442526057,49.93548108927203,158.02769327630764,-0.1015229737853529
28.522656747183902,62.29351731540255,667.5998716751054,141.49447634379652,50.12088716634359,162.38084973823192,-0.08615241444112204
30.61839270209978,60.96349674648476,702.1536120266196,138.57694131469404,49.41819171142586,149.6762994689762,-1.0743389945476827
28.40607659593831,61.207398440039796,643.1744814046031,140.8537750778238,50.76008517965386,150.10998586526696,-0.6282172328513487
28.519523461665145,61.24374156188559,657.5212733764419,139.80898900858622,50.05627943420376,153.36339289856048,-0.5719268252192434
26.364037345891965,60.73051083373918,548.5009955037389,141.0046376342764,50.307494155884534,146.24628753661975,-1.6116027432535882
32.99245129458384,60.03649819819743,693.1508792114089,140.52986688233025,50.089236872356175,140.5398209126545,-3.855339325681946
33.35139908981307,60.97996868959855,647.0555958251742,139.959887123112,50.73090820821212,143.6224395243385,-1.0404638741992989
31.12911963653699,60.44094526608979,695.0151492105942,138.52482922363797,50.50537256876669,144.38866307575697,-2.430651663327832
33.71684492747097,61.15237123489317,667.8506488036918,141.8041159693477,51.13333947754058,148.85339073181382,-0.7184745234365352
30.12389494323364,61.13775715637204,653.6765251057753,137.9834844741857,50.573191965738616,151.27455037859318,-0.7434627213876316
32.98475424703034,61.811522702535136,632.4349353840945,140.22643886312477,50.89434913126817,160.65487911225836,-0.03552369165965886
29.948119874315896,61.171871626533346,651.5783986205864,137.59934803263755,50.98029587300382,152.2424332894141,-0.6857966029405267
30.689786731085793,62.54115670266952,649.5285039672655,142.03916382344985,51.22203514099467,163.13095099556665,-0.2928505768441452
30.133589541114166,61.64361282602765,612.3913141682758,140.37550911459184,51.492390000772275,158.05483610875223,-0.12701181777199877
31.487391633989137,62.55065813063404,670.527253397607,138.0718525441519,51.394966998938926,164.42861182149767,-0.30322437683337633
32.093982308716804,61.472414779659026,665.5554850815096,141.4894132944766,51.54134409586282,157.77107317353597,-0.27834616472223417
31.501712830864157,62.48377751667408,675.0921596734995,140.6485089670901,52.1256900583877,160.78390496826927,-0.2340406856393409
30.726637201314055,62.053946782062894,692.3812064615686,138.96374760945633,51.571972503666835,163.45575729878428,-0.002910255294941411
29.575966517129995,61.43808745610888,654.1825103759584,142.60565673828395,51.81239949544635,157.47453465270283,-0.315745706982188
29.467754430769666,61.33325342177866,643.3036050414838,138.22508594513343,52.19123407999631,154.53984079485627,-0.444550999569869
29.211406138741708,62.03254948377127,672.2462250125546,142.23597394308504,52.57686729432351,162.26215526325134,-0.0010594688937761462
33.30063618660234,61.36958682934671,655.1202616003641,137.91188123067545,52.84987058003734,155.72887496195844,-0.3974207657331359
30.137919051310256,61.895230934141786,684.4870157267073,139.0326133473804,52.926451619457666,159.09562642656678,-0.010976557160802805
29.686057259412742,61.35957897568249,649.4814137369585,143.7312525431344,52.924016393026186,155.47292496236278,-0.4101390883878906
29.876950383504518,62.67232780709965,668.3924174397603,138.1065784454412,52.57755526224697,161.00485813223588,-0.45202468019942227
28.476613528563526,61.93571010080325,666.0796280517385,138.99219327291468,52.987214706423735,162.175811381019,-0.004133191138728446
30.10915259679656,61.696262246447866,619.0074532267058,138.8283294423518,53.24470563761393,157.97065636104662,-0.09225662293289713
30.928954877852973,61.719102036791774,660.0802288614686,142.15739561462644,53.811183415732,158.35521928152147,-0.07890366573452964
28.468713709513867,62.27651255257092,617.2024995591725,136.04512020366076,53.82230524190186,161.77260944366765,-0.0764591917292863
33.88774309158948,63.03564816950222,653.0192567274113,142.30442579143067,54.29842779032447,170.8432225926825,-1.0725671309932925
31.782110438485226,62.381888465879314,647.6267022704883,139.17364325206034,54.02076204427136,164.91047548929095,-0.1458388003716558
29.532331417249424,61.82267384846547,597.1770267740739,140.47287653096984,53.93466927592286,158.6941381581703,-0.03144456401804698
31.218793586094495,61.70060965219618,640.2267093912574,140.31885475158438,54.052440719604164,157.87052672068342,-0.0896345803580935
35.36265176772835,62.45095262526716,652.3425066121213,138.95678568523135,54.178501129149836,163.5018978754663,-0.2033582702353467
30.37809949683881,62.04131101226368,646.7503099771947,139.82795140584543,53.99341306898481,162.7273702358645,-0.0017065997342496399
29.6496675891932,61.660828556055364,607.3191889750032,141.34407901509618,54.25573883133943,157.5502761484981,-0.1150372683874894
32.76251365343567,62.01604844410842,670.6034458414522,138.7268383093986,54.50065605763845,159.38987005107532,-0.00025755255830110525
33.91759338442282,62.859626283642406,693.1850065714327,137.66870563083776,54.55115571085766,168.42718262057588,-0.7389573475288542
32.69832606697839,62.857489880240635,706.6785482177568,141.5027195485461,54.763852030433675,171.19421329628858,-0.735288894715099
27.32943692397875,62.85035271579875,598.9178034260925,140.65790974511188,55.28727428860178,169.87116588973498,-0.7230997412663083
26.666771477389766,62.17224929300565,627.8518906860158,139.84065283033976,55.20414900884865,161.84318615212908,-0.029669818940945905
31.52113609441488,62.378223861688845,647.7347570800592,137.7730018039364,54.63254610867546,163.42350302631377,-0.1430532895508225
28.497739594778512,62.63973142623682,619.3552180989393,142.898676302594,54.749995727538156,167.71542737327124,-0.40925629771499744
31.757121463783207,61.76804225412834,630.0121024373166,140.25172528584906,55.27425861613317,159.3909666086761,-0.05380439586986199
30.743844766189845,62.59205974450715,625.5409461466273,138.07911474863926,55.46172292073253,162.6927931950904,-0.35053474106586757
30.48551187091475,62.23889871597821,610.1861278889788,137.41429655965996,54.79089589437451,160.36758370463198,-0.05707259649603697
33.12781839583748,62.38602396265442,648.8288520304166,143.24289953613572,54.96853821309675,165.66062392681172,-0.14901449974342101
35.540780544283315,62.057721841174434,681.6038590087721,139.87003376771264,55.05485574341246,162.27880171034758,-0.0033318109485665865
28.67147466977817,62.36022359847482,606.8289042663399,140.3205509694547,55.464760314942296,163.43616195255626,-0.12976104089814666
29.938072430293346,61.75340447742745,623.8251600646806,140.42111516826094,55.295030237838425,160.24179637908748,-0.06080935175282804
33.12406354269319,61.92585302353013,656.2773293049927,138.96084651947768,56.116750061034146,158.8351112102445,-0.005497774119623341
32.746104052864,62.094017632807024,649.391838989239,139.3379549865784,55.55582318115329,161.15300658846462,-0.008839315278636337
30.873644046783188,61.900578899383326,614.7537990315574,140.27561127218203,56.13868555704663,160.17909436544662,-0.009884555247830744
30.13319478035044,61.50306266148691,647.9332312011555,141.4668034108512,55.475064163205865,155.94426010131087,-0.24694671840847557
32.79958062998379,61.37353817621583,712.9545752970174,141.0806273651194,55.936675618492494,155.89054092406934,-0.392454416658987
30.65425343639942,61.98659544627535,606.3333857218302,137.6079526774095,56.512319081630814,159.4004904784997,-0.00017968206055697143
27.966462036766327,62.39253055699012,619.4815553995587,139.6889717610747,56.85177775065296,163.54608214824185,-0.15408023817097147
30.239070625311992,21.92923497659402,687.6649311116366,101.75387509905374,57.88295171102384,162.81079875063898,-1605.6662095610163
31.537021128331297,0.08434146115637768,528.6317438340096,31.962982890511164,58.013833312981006,156.8889283436915,-3833.548772298679
27.43525987306782,0.16505099336343765,587.2979212442938,0.19969257265476664,57.040087363501215,156.8241319043658,-3823.5609186533443
33.029931418107005,0.24576052557049768,622.1634703572385,0.19842304157046664,56.992910337514196,156.7593354650402,-3813.586093065187
28.31269907315715,0.32647005777755755,567.183541005437,0.19794199340739993,56.66362389211874,156.69453902571453,-3803.624295534208
33.64726516194766,0.40717958998461756,652.732188110334,0.19726563463986668,56.552045368537776,156.62974258638886,-3793.6755260604077
34.57546006414833,0.4878891221916779,679.3788736165162,0.1999927749333666,56.676453186030386,156.56494614706315,-3783.7397846437852
32.881970153391215,0.5685986543987375,696.8841134033046,0.19973959290810014,57.00192438761129,156.50014970773748,-3773.817071284341
24.475828731320327,0.6493081866057975,576.6864474894104,0.1986400554753999,56.279799952192235,156.43535326841183,-3763.907385982074
29.834063463225927,0.7300177188128574,690.9797114054173,0.1979781623661,56.67946622721508,156.37055682908615,-3754.010728736986
25.590626363747496,0.8107272510199175,609.2990659077805,0.19973838623286655,56.701703074131814,156.3057603897605,-3744.1270995490763
26.730804398854843,0.8914367832269773,637.5577059427773,0.19681352141849995,56.26190859477202,156.24096395043483,-3734.2564984183446
27.81924325624185,0.9721463154340377,657.7793360392056,0.20140095339599992,56.20165140788283,156.17616751110916,-3724.398925344791
28.75410465240148,1.052855847641097,620.396339263902,0.19699436565649994,56.070090484611136,156.11137107178354,-3714.554380328416
29.376427138643322,1.133565379848157,639.7642867024572,0.19864005545933344,56.11556727092267,156.04657463245783,-3704.722863369219
31.800814177189526,1.2142749120552172,670.781813964823,0.19986979974483338,55.77582066854367,155.98177819313216,-3694.9043744672
28.552973845809877,1.294984444262277,620.3103498840154,0.19856771703033332,56.08323170980197,155.91698175380648,-3685.098913622359
29.124928836820004,1.3756939764693372,681.0864444986807,0.19788050639316673,55.966695683793844,155.8521853144808,-3675.3064808346962
29.17009344736615,1.456403508676397,656.397047220846,0.19907408230933332,56.5417860921235,155.7873888751551,-3665.527076104212
28.29800534248432,1.5371130408834572,696.8714781697374,0.1988209002246666,55.49159614563282,155.7225924358295,-3655.760699430906
26.750450843177028,1.6178225730905174,651.3345791625826,0.19925854515893324,55.21606197611561,155.65779599650384,-3646.0073508147775
26.77005096436741,1.6985321052975773,678.6891719563556,0.2017505878896001,55.55091678873706,155.59299955717813,-3636.2670302558267
26.63760495821442,1.779241637504637,649.8663782755322,0.1977611496499667,56.7214694824241,155.5282031178525,-3626.539737754055
27.99131737072949,1.859951169711697,677.2547594400844,0.19583515072745827,55.85782240294633,155.46340667852684,-3616.8254733094614
28.26609692573317,1.9406607019187576,684.6495325058233,0.19437392383820837,55.82021988932196,155.3986102392011,-3607.124236922046
27.879617497121515,2.0213702341258175,631.7788394016934,0.19277344552749995,55.58645514424384,155.3338137998755,-3597.4360285918083
30.549565179829695,2.102079766332877,694.543410196916,0.19620226651659997,55.84670315552178,155.2690173605498,-3587.760848318749
29.7740546722347,2.182789298539937,641.620386454252,0.19421658832386665,55.913238271077404,155.2042209212241,-3578.0986961028684
30.59945519766124,2.2634988307469968,699.5768216756028,0.19535591155796664,55.62163187246454,155.13942448189846,-3568.449571944165
29.667749305732595,2.344208362954057,710.3779013264735,0.19450835246716672,55.20226994231895,155.07462804257278,-3558.813475842641
29.0880292040552,2.424917895161117,687.6212927245923,0.1966772850168,55.961546839395716,155.00983160324714,-3549.1904077982945
27.713991378149817,2.505627427368177,601.2934237670751,0.1934642739672667,56.350700144450386,154.94503516392146,-3539.580367811126
30.985988735620424,2.586336959575237,666.3528900485395,0.19162689016203335,55.6629241790682,154.8802387245958,-3529.9833558811356
25.28788518353977,2.6670464917822962,571.0384046902033,0.1944589214393001,55.72806772359858,154.81544228527017,-3520.399372008324
28.459036554972517,2.747756023989357,621.0672213338038,0.19490379947450007,55.566001642862766,154.75064584594443,-3510.82841619269
27.383691520687613,2.828465556196417,655.5719953206208,0.18823062278356664,56.758086105344205,154.6858494066188,-3501.2704884342334
29.850448614759134,2.9091750884034764,693.5857045898249,0.18974610378856668,55.26660457865249,154.62105296729314,-3491.725588732956
25.52347442945141,2.9898846206105363,584.6114547118971,0.19279547736597283,55.89698547363447,154.55625652796743,-3482.1937170888564
28.725654621120235,3.070594152817596,703.060549926738,0.1909393508202274,55.27017776489332,154.49146008864182,-3472.6748735019355
29.74082679748233,3.1513036850246556,672.3386174519655,0.19369696105783352,56.35634916516443,154.42666364931614,-3463.1690579721926
25.384499320987977,3.232013217231717,628.7429642740722,0.19506897157693345,55.61084047614317,154.36186720999046,-3453.6762704996277
28.938975277735906,3.3127227494387768,674.9670007730906,0.1945148186002637,55.73630362447436,154.2970707706648,-3444.1965110842407
28.71801936705761,3.393432281645837,659.7673593546394,0.19100313863990295,55.23707677714577,154.23227433133917,-3434.7297797260326
28.89181269963589,3.474141813852897,665.1446970418094,0.19013311122959992,55.871682744343055,154.16747789201344,-3425.276076425002
28.692663937253723,3.5548513460599573,646.7923366495592,0.19279153111556685,55.67692998250979,154.10268145268782,-3415.83540118115
28.4318411534591,3.635560878267016,636.2768385009585,0.19420935423140004,55.45494346110018,154.03788501336211,-3406.407753994476
30.107521206542607,3.7162704104740767,635.283222452783,0.19115307661566672,55.095240987146546,153.97308857403644,-3396.9931348649798
32.41344707807515,3.7969799426811375,700.3316908772593,0.19310620021116667,55.890239722845934,153.90829213471076,-3387.5915437926615
27.75169728915515,3.877689474888197,626.3312178548006,0.19127309125071204,55.44829713730356,153.84349569538512,-3378.202980777522
33.91123011588952,3.9583990070952564,697.7293659260894,0.19196983785778818,55.08624189758529,153.77869925605944,-3368.8274458195606
31.650540011726328,4.039108539302315,695.2170829467636,0.19488571530826676,55.25090738423764,153.71390281673376,-3359.4649389187775
27.12876645533096,4.119818071509376,635.7319735717568,0.19280238161580002,56.065252705892384,153.64910637740815,-3350.1154600751725
33.285243579859355,4.200527603716436,693.8470816650183,0.1942941881078424,56.9868041356384,153.58430993808244,-3340.7790092887453
30.608778858824298,4.281237135923496,646.9551544596153,0.19299604956825742,56.273314272564534,153.51951349875677,-3331.4555865594966
28.703074263889697,4.361946668130557,667.8178215535264,0.19459406227160614,56.063026911421936,153.45471705943112,-3322.1451918874263
32.011109008161654,4.442656200337616,707.0953798421042,0.19444445418630313,55.76889529927541,153.38992062010544,-3312.847825272534
29.85704531733348,4.523365732544676,632.9303362528366,0.1922578731638787,56.59162619526966,153.32512418077974,-3303.5634867148196
28.521673806504836,4.604075264751736,657.8504106139931,0.19163478124098993,55.822718658440486,153.2603277414541,-3294.2921762142837
30.87546190898396,4.6847847969587955,635.044236551902,0.1911711601163889,55.970072199502695,153.19553130212847,-3285.0338937709257
31.248931929271347,4.765494329165856,658.5004533894677,0.19094329649593336,55.315200820917475,153.13073486280277,-3275.788639384746
33.17265759362477,4.846203861372915,678.8513870849388,0.19067926276400013,56.226441436761355,153.0659384234771,-3266.5564130557445
31.833747578719905,4.926913393579976,708.6960079345516,0.18795573724393344,55.71243709309959,153.00114198415142,-3257.337214783921
29.940119177499778,5.007622925787035,611.9242075951162,0.19071181410979993,56.22026105754038,152.9363455448257,-3248.1310445692757
30.53792255211563,5.088332457994095,612.8888275116732,0.19146051156999996,55.855636657715245,152.87154910550012,-3238.937902411808
30.757935468675623,5.1690419902011575,709.9287494710104,0.19156178696746665,56.20365770467512,152.80675266617445,-3229.757788311519
32.28083560671121,5.249751522408217,657.4562191060234,0.19424552399120004,56.00221871948603,152.74195622684874,-3220.590702268408
26.740336792808126,5.3304610546152755,655.2925030415681,0.19603950570563353,55.85345894877561,152.67715978752307,-3211.4366442824758
28.673497406636326,5.411170586822336,698.7611804809362,0.19057196048325556,56.05164882406115,152.61236334819742,-3202.2956143537212
27.999445041021325,5.491880119029395,613.951843404115,0.18911555638011127,56.6456831258162,152.54756690887172,-3193.167612482145
29.83751953761049,5.572589651236457,704.6940310261851,0.19191262480966664,57.0046021016517,152.4827704695461,-3184.052638667747
29.93070957819083,5.653299183443515,673.9446098836065,0.1924370746265,57.46389806111551,152.4179740302204,-3174.9506929105273
31.18556345622033,5.734008715650575,676.9237516275916,0.18919271719453337,56.30435287475556,152.35317759089475,-3165.8617752104856
32.27719178517578,5.814718247857635,628.2797332763482,0.18982567399733324,56.61856021118116,152.28838115156907,-3156.785885567622
31.178737068177828,5.895427780064695,657.7603408813338,0.1892216523847,56.56775242105925,152.22358471224342,-3147.7230239819364
30.80955546378766,5.976137312271756,643.980840182814,0.19429616085320003,56.225524622599515,152.15878827291777,-3138.6731904534295
31.010535471604193,6.056846844478815,691.0542117377213,0.18964680307303627,55.67537740579981,152.09399183359207,-3129.6363849821
28.922005783295972,6.137556376685875,651.1399041747859,0.19106101003946974,56.18548606364181,152.0291953942664,-3120.6126075679485
31.74075608296871,6.218265908892936,675.805843607569,0.1919122967186606,57.27375598144618,151.96439895494075,-3111.601858210976
30.010385574340333,6.298975441099997,659.8017943928864,0.1911977953074305,56.51497389729449,151.89960251561504,-3102.6041369111813
30.935642050440354,6.379684973307056,677.6331176757665,0.1926853261636365,56.96389115396714,151.83480607628942,-3093.6194436685646
26.044761376063057,6.460394505514115,564.5974575654524,0.1954391012753334,56.516069322058755,151.77000963696375,-3084.6477784831263
29.171328595474314,6.541104037721174,692.3260823364084,0.6882270364779,57.46896745161026,151.70521319763807,-3075.6891413548665
28.783489714306263,54.3614414500479,626.8406241861829,200.56360890199406,56.71628746032984,152.21004417572522,-58.34757672104635
27.605551204043206,62.4874353319736,655.9292936401163,177.95411046346064,56.886540670683296,164.8282669864402,-0.23759320285621385
31.176340192166535,62.42792657853079,675.4502341715297,180.59963562013004,56.38095587066075,167.1533845621935,-0.18312115661306588
28.59193190574922,61.45569360225306,601.3100044250374,182.35084777832728,56.94714311727211,157.73409815981108,-0.29626945462824616
31.065837523151426,60.203366806036996,677.3107316080525,163.4596035264409,57.063540964757664,155.63584814453068,-3.2278908336497043
29.344752318699452,1.1167341795082073,634.993053517649,63.89164532856537,57.800110087076284,152.21523403865046,-3706.7720569686644
26.461353244147546,0.26639696653871253,598.0533129780945,0.18956164083866658,57.18808074951008,151.68456541177983,-3811.0377434929806
29.43974799791552,0.45645425538916146,648.6407890116199,0.19259983537350003,57.60813903808218,151.56485676612283,-3787.6080228190067
29.770161526990094,0.6465115442396102,638.6535353596863,0.1897605698323333,57.27187321980455,151.44514812046575,-3764.2505456911235
30.050744136184047,0.836568833090059,659.3842509275336,0.19225623063333347,57.471584472663416,151.32543947480872,-3740.9653121093297
31.601430368425312,1.026626121940508,659.7025202618047,0.1890371909258336,56.8880411783885,151.2057308291517,-3717.7523220736275
29.968176422762212,1.216683410790957,620.0774906107448,0.19127243386599996,56.91106607610474,151.0860221834946,-3694.611575584015
31.648029965717427,1.4067406996414056,687.5487163492702,0.1919632627546001,57.328392328434894,150.9663135378376,-3671.5430726404934
30.877176959353893,1.5967979884918546,632.9349687092966,0.19092521173436672,57.35389012654758,150.84660489218052,-3648.5468132430615
29.206520725253323,1.7868552773423034,661.1160338134565,0.19222006179906684,56.795250315351346,150.7268962465235,-3625.6227973917203
29.542278687154624,1.9769125661927525,679.3263206786903,0.18914569734900002,57.307111951555065,150.60718760086647,-3602.7710250864698
29.004563563662984,2.1669698550432006,635.7745942179196,0.18974248616803335,57.407660700803135,150.4874789552094,-3579.9914963273095
28.61291421191411,2.3570271438936503,682.2925552978326,0.19335938451719997,56.53611432069846,150.36777030955236,-3557.2842111142386
28.62833784439162,2.5470844327440987,692.5137133585393,0.19330874689073338,56.681308230932885,150.2480616638953,-3534.649169447259
28.219057449155546,2.737141721594548,640.4396788567274,0.1899775849731668,56.04027370876583,150.12835301823827,-3512.0863713263698
27.025345684681003,2.9271990104449976,671.5933824327088,0.18889251426583334,56.53182215372719,150.00864437258124,-3489.595816751571
29.208823448819178,3.1172562992954456,666.7977083333154,0.1881908364574333,56.630407104493045,149.8889357269242,-3467.1775057228615
29.394387203853668,3.307313588145895,682.943302781827,0.19087457427186666,56.58344416300034,149.76922708126713,-3444.8314382402436
27.043514204024003,3.497370876996343,647.0425725300936,0.19327981181566675,56.05182946269194,149.6495184356101,-3422.5576143037156
29.03237758763723,3.6874281658467907,669.7911189100247,0.1939634070827667,56.55279457601126,149.52980978995308,-3400.356033913278
29.813636775338296,3.8774854546972417,621.045032755515,0.1895869601295334,56.06801726278327,149.41010114429602,-3378.2266970689307
29.16874623933316,4.0675427435476905,686.5628844604282,0.18935186080543331,56.3191558810149,149.29039249863897,-3356.169603770674
30.19942052841212,4.257600032398139,699.0968830973098,0.1937500098524002,56.02982833631926,149.17068385298197,-3334.1847540185076
29.02068116569681,4.447657321248588,607.9824234212083,0.18770135045906677,56.32084150696783,149.05097520732488,-3312.2721478124317
26.78277534844907,4.637714610099036,639.6298589884273,0.18803823895747637,56.02483682250851,148.93126656166783,-3290.431785152445
34.30187803587137,4.827771898949485,712.147249755843,0.19116943867852393,56.27994361877116,148.8115579160108,-3268.66366603855
29.813270558248206,5.017829187799935,699.1369974432871,0.18648727668099996,56.03836418152236,148.69184927035374,-3246.967790470745
26.625192041397106,5.207886476650384,562.4465127393856,0.1873372499091668,56.15151206970646,148.5721406246967,-3225.34415844903
32.13438212712865,5.397943765500833,709.2525895182094,0.1898184405173333,56.270258102416605,148.4524319790397,-3203.792769973406
31.567859284090343,5.58800105435128,703.2194218953261,0.18757234694956662,56.285294710792755,148.3327233333826,-3182.313625043872
27.784875011447856,5.778058343201729,592.4113143920767,0.19151717737576682,56.333907517325656,148.21301468772558,-3160.9067236604287
32.80870337804078,5.9681156320521795,696.4044038899535,0.19001495953530007,56.564043051824456,148.09330604206855,-3139.572065823075
28.782216383613843,6.158172920902628,612.7168174234889,0.18560475469620005,56.255909820557925,147.9735973964115,-3118.3096515318125
33.93685708681749,6.348230209753076,671.0468754475735,0.19081670547466692,55.877010884600836,147.85388875075446,-3097.11948078664
31.35578118006068,6.538287498603523,661.2733096923683,0.1898220576976,55.861917912800735,147.7341801050974,-3076.001553587558
33.640419816973996,6.728344787453974,719.8817132229129,0.18918548415539996,56.19458896890954,147.61447145944035,-3054.9558699345657
30.226441090899502,6.918402076304425,696.7788812187814,0.19048756801716663,57.42436889649031,147.49476281378332,-3033.982429827665
25.44757941140801,7.108459365154872,506.1559061889518,0.188815573816894,55.46096510658755,147.37505416812627,-3013.081233266854
30.971784758044492,7.29851665400532,717.5609993692862,0.18662570655297278,55.27648649251594,147.2553455224692,-2992.2522802521335
32.77243009567351,7.488573942855769,724.723600463846,0.18985822635170016,55.88045930989905,147.1356368768122,-2971.4955707835034
24.297944250113332,7.678631231706217,528.7387992121726,0.18923973714733333,57.303321146650426,147.01592823115516,-2950.811104860963
29.587955780024192,7.868688520556668,662.4372687784629,0.18722874164503336,56.10402733357864,146.89621958549807,-2930.1988824845134
34.690238265995504,8.058745809407116,696.4191997273582,0.1848307393445334,56.22946016947661,146.7765109398411,-2909.6589036541545
30.527089822553545,8.248803098257564,687.1471211751098,0.18948930316266668,56.00273798624813,146.65680229418402,-2889.1911683698854
27.445769373566623,8.438860387108013,609.6556741332814,0.19215857485670024,56.738634058640216,146.53709364852696,-2868.795676631707
23.593980120549173,16.12995679133648,559.6752178954932,70.83780763290315,56.863113861094824,146.41738500286993,-2104.060863964658
33.86935256322483,61.00212053934544,648.4738707478643,179.53632627360267,56.081297090322984,148.89413616371957,-0.9957634179962338
31.013936023711672,63.13940346398901,664.390305480934,176.87419066875233,55.417827980890856,164.02740281339263,-1.2982402537501603
32.43786598840881,62.15183851114532,653.3332650756627,183.13008227030588,56.79404723104219,162.9534675903635,-0.023054933466827868
26.72361710866252,62.166100819902994,561.1200821126174,180.01527792358104,56.600364802040446,161.57432484436404,-0.027589482372446725
33.20982889811745,61.19782229232928,670.2433092447742,180.70363631186024,56.59130107625443,153.77776557413975,-0.643489074683855
32.84801668485015,63.42530286365122,642.259228135835,177.90330723572302,55.658677480060504,166.18674860637492,-2.0314882531323635
29.33401209194849,63.10497424359176,632.2654950493513,181.49754919942782,56.74064307148819,170.00094656375856,-1.220968079001187
30.389149243673966,62.70737828907259,623.4008086954564,178.75197574870867,57.493332784021426,165.30012653098683,-0.5003840438512599
28.072814670564878,62.52294605197641,590.7305752665086,179.37104039510646,56.06098593648326,166.34912951916192,-0.27347257327771596
34.126036129001,62.37190961814165,682.178508137996,181.77091512044285,56.69993932088782,166.0455200195205,-0.1383167640662682
29.921691619547587,61.51559071477527,632.5054754638485,180.6426408894952,56.44909627278699,155.30248363496312,-0.23465235561193246
26.409913179065914,62.16851292293018,543.3635509299139,178.9384189860075,57.1381342061358,161.57352210999096,-0.028396605194471604
31.570429474513027,62.81203085581317,636.1090541585091,176.20096087647144,56.78393313599065,166.68508263058027,-0.6593941107926687
30.635693273539953,62.84213572819683,637.0820874023293,185.22441607157967,56.8450523274736,169.47849253335932,-0.7091925847056048
30.22208756447048,62.99159749348221,663.840986836731,169.87029963727304,56.34083651733522,169.18039154053187,-0.983265589080202
27.094869721604724,43.34188789354907,576.42115294257,73.047534434767,58.50382008272008,176.76613368005576,-348.1251473768907
