time,feed_c,out_c,feed_f,out_f,out_f_setting,pressure
2022-05-10 09:25:00,17.65320364772926,61.99613422910522,621.0402280315891,140.3894099185391,158.17425785723137,48.51506882382675
2022-05-10 09:30:00,16.564406969280515,62.97086219960217,561.4468953111295,136.3024344380745,169.92278784181264,47.08453493754401
2022-05-10 09:35:00,17.453896176019235,63.33266209534872,629.4992023043958,143.31489370982675,176.43618981679944,46.54701553344566
2022-05-10 09:40:00,16.157693860802606,61.85993820748349,536.887341817211,141.76615286763493,165.00677860258335,47.22100346374366
2022-05-10 09:45:00,18.930741178198325,61.194825550422415,705.753476094543,139.9172553863611,153.5287678782153,47.56231831869052
2022-05-10 09:50:00,20.904178103768597,62.33535883458202,752.0092829589623,136.5362770589188,160.36221908147994,47.092536219278685
2022-05-10 09:55:00,22.130461439132898,63.11907265587176,803.7100629272182,139.53395818075643,171.27996562957685,46.473031930636125
2022-05-10 10:00:00,17.953302302680957,62.71239807775134,697.4900016581064,143.28990412903212,169.60202996147348,46.93832302439804
2022-05-10 10:05:00,15.99622169666799,61.503288747492405,689.3319075927558,140.73317088318163,156.25819953497012,46.64505752563167
2022-05-10 10:10:00,18.08174428259308,62.13030039434708,739.0731781819421,138.39166292318194,159.04689130573095,46.65682611083885
2022-05-10 10:15:00,16.083424727124655,62.783508444462676,667.1780671996831,135.2543975397836,167.4760632866615,45.01656253560749
2022-05-10 10:20:00,16.745594650904895,62.59956019931046,682.5672325303644,144.0866862487853,169.35210088092373,45.38736602783866
2022-05-10 10:25:00,17.114022629735775,62.333883461422644,631.4917433200321,139.10936391448894,162.6222293395901,45.73323241678852
2022-05-10 10:30:00,21.626046398800543,61.84781843694418,842.2778232625068,140.4004977874839,159.88181887309344,46.7125398000059
2022-05-10 10:35:00,20.51548336187897,62.6901228790264,711.3175411987182,138.37951533435384,167.73496965534937,45.071125693180214
2022-05-10 10:40:00,21.789047786395656,62.13521851221685,719.1876657104302,141.3473911597867,162.184289825427,45.13208737037813
2022-05-10 10:45:00,23.918057721456872,62.02407053629699,728.7974910481596,140.4020289866181,161.60394416808782,45.75304432678695
2022-05-10 10:50:00,27.151099903738228,61.7585322875974,705.1328687133603,140.69716102092252,158.03825160725665,45.955903427118834
2022-05-10 10:55:00,25.441798808425094,61.835576346077005,697.9944311319801,138.26412992859113,158.7987750244405,45.01754507446813
2022-05-10 11:00:00,28.933159329093016,62.36749143982447,729.7135048827967,141.07664590454198,164.6770190302618,44.7680949859611
2022-05-10 11:05:00,30.206421287536728,61.89085615031137,721.898058227522,140.85128759765965,159.93568410067326,45.7783762613931
2022-05-10 11:10:00,29.382260495076522,60.97905921130787,740.8623278401475,140.8105536804241,150.19478841570933,46.18975341288569
2022-05-10 11:15:00,32.114749321410606,61.76007084894459,746.8608612060343,138.59791550700592,157.3096149410785,45.176616526289685
2022-05-10 11:20:00,29.326223784131628,61.95259121635249,746.0946744791486,138.1094721094826,160.50854531605208,45.34557843525885
2022-05-10 11:25:00,29.518845469587795,60.91220375061148,754.6709752400504,143.81476669312198,153.8502247501034,46.67541587829902
2022-05-10 11:30:00,27.19609322122971,60.904097989393016,722.6432513427527,139.35026789347708,148.13684875487849,46.55687820434867
2022-05-10 11:35:00,28.924079922364037,61.52620094426112,747.8113143581625,137.22741855622598,152.71216348013803,46.685809148154185
2022-05-10 11:40:00,29.998533174506647,61.27122809727778,713.8938021375694,141.88108332317083,153.95578792573085,45.78389862060619
2022-05-10 11:45:00,29.161790510176797,61.56296552784631,734.8428476969215,140.85003149668867,156.81317345938749,46.86939468383661
2022-05-10 11:50:00,28.915131536489994,61.331886339818894,732.8878071288865,139.6050056711882,152.92909940084385,46.70057910625916
2022-05-10 11:55:00,27.164786965690674,58.31728612518326,682.0721955566213,53.323678569723654,140.78408335368002,48.533000249624365
2022-05-10 12:00:00,28.31201870600333,19.818649898162818,709.3546037190553,1.643301580648667,121.97080522235272,47.77087816874417
2022-05-10 12:05:00,34.66008716265331,0.04999020285799894,722.4253306070777,0.19670727399693755,120.01138669337342,45.36544771829732
2022-05-10 12:10:00,35.4693688710525,0.09390546159123375,792.649311523415,0.19629766163326265,120.01143382826056,46.206842875160255
2022-05-10 12:15:00,27.435465047625044,0.13782072032446854,698.268880310042,0.20032914545346686,120.01148096314778,46.53186384073928
2022-05-10 12:20:00,29.432820420798702,0.1817359790577033,753.7729847208495,0.19666884544300015,120.01152809803493,45.284815165210674
2022-05-10 12:25:00,32.18251675606171,0.2256512377909381,754.7537108357545,0.3770978215701667,120.01157523292207,45.54023969014868
2022-05-10 12:30:00,30.323985711958976,0.26956649652417286,782.6860208129676,2.7419706196651648,120.01162236780935,47.03686358134551
2022-05-10 12:35:00,32.84134122348853,0.31348175525740773,810.710838114395,3.9259984569061612,120.01166950269648,47.02333775838433
2022-05-10 12:40:00,26.696860427862838,0.3573970139906426,733.1093756103338,0.20338542568376672,120.01171663758369,45.6687197706496
2022-05-10 12:45:00,28.491975679390997,0.4013122727238773,735.4297974649884,1.427956281711233,120.01176377247087,45.767975701231926
2022-05-10 12:50:00,30.29568621636099,0.4452275314571122,729.6830890909648,1.6305037869418306,120.01181090735805,48.3675455559666
2022-05-10 12:55:00,33.45534808094862,0.48914279019034707,771.9912169392677,0.3515697514409,120.01185804224522,46.22013993327309
2022-05-10 13:00:00,32.39215111859862,0.5330580489235816,767.5406221516718,0.2624809396757211,120.0119051771324,44.511598551431575
2022-05-10 13:05:00,31.505751850771965,0.5769733076568165,767.5098780313931,0.19953079878067873,120.01195231201959,46.5888106791159
2022-05-10 13:10:00,28.573590815487385,0.6208885663900514,739.3800934603346,0.2336890816250642,120.01199944690673,47.73790296441011
2022-05-10 13:15:00,28.144772490895637,0.6648038251232861,725.236597493848,0.2578888471150227,120.01204658179398,48.35912118455613
2022-05-10 13:20:00,28.30737256893848,0.7087190838565208,723.2925594221731,0.25366404591450364,120.01209371668112,48.373207706376974
2022-05-10 13:25:00,28.469972646981315,0.7526343425897557,721.3485213504982,0.24943924471398446,120.0121408515683,48.38729422819781
2022-05-10 13:30:00,28.632572725024165,0.7965496013229905,719.4044832788236,0.2452144435134653,120.01218798645552,48.40138075001864
2022-05-10 13:35:00,28.79517280306701,0.8404648600562253,717.4604452071487,0.24098964231294617,120.01223512134266,48.41546727183948
2022-05-10 13:40:00,28.957772881109857,0.8843801187894599,715.5164071354739,0.2367648411124269,120.01228225622985,48.42955379366032
2022-05-10 13:45:00,29.12037295915269,0.928295377522695,713.5723690637993,0.2325400399119078,120.01232939111702,48.44364031548116
2022-05-10 13:50:00,29.28297303719554,0.9722106362559298,711.6283309921245,0.2283152387113887,120.01237652600423,48.457726837302
2022-05-10 13:55:00,29.445573115238368,1.0161258949891647,709.6842929204496,0.2240904375108696,120.01242366089141,48.471813359122834
2022-05-10 14:00:00,29.608173193281218,1.060041153722399,707.7402548487747,0.21986563631035044,120.01247079577863,48.48589988094368
2022-05-10 14:05:00,29.091037357504327,1.103956412455634,732.9967822162398,1.7687400112593246,120.01251793066575,48.50589481823349
2022-05-10 14:10:00,27.82448795000201,1.1478716711888688,731.6638627115726,5.078941465132284,120.01256506555295,49.09857991166884
2022-05-10 14:15:00,32.28457999420495,1.1917869299221038,768.327621887187,1.8112522439723044,120.01261220044015,49.315109308875904
2022-05-10 14:20:00,29.602685990657463,1.235702188655338,724.8974475097441,0.3817853189076997,120.01265933532729,49.392206990560105
2022-05-10 14:25:00,33.007190258673475,1.2796174473885735,777.3114015502721,0.3527560908655,120.01270647021452,48.440365804037526
2022-05-10 14:30:00,31.823978321286596,1.323532706121808,782.1607271117894,1.740820388121036,120.01275360510168,48.8518185017859
2022-05-10 14:35:00,28.420922604675557,1.3674479648550428,741.0126973673316,0.20342521177696662,120.01280073998889,49.837409835815244
2022-05-10 14:40:00,30.882542860244794,1.4113632235882774,786.5324086506981,5.012587030919001,120.01284787487603,50.0016576894132
2022-05-10 14:45:00,29.37951384523842,1.4552784823215128,753.6914818725382,4.36590041470161,120.01289500976323,49.27225176494131
2022-05-10 14:50:00,31.23352963447485,1.4991937410547471,785.6879058430744,4.154036315728128,120.0129421446504,49.0230381469767
2022-05-10 14:55:00,29.298309308365752,1.5431089997879819,735.832627258285,6.7256260444394,120.01298927953758,50.1910362497963
2022-05-10 15:00:00,33.62194590886433,1.5870242585212169,792.8304298909262,6.865639828364371,120.01303641442482,49.88390846761069
2022-05-10 15:05:00,30.589773917517427,1.6309395172544514,760.595934821215,6.87000902573516,120.01308354931194,49.03599510192349
2022-05-10 15:10:00,32.56737484211601,1.6748547759876864,812.0003137823297,6.771159155855532,120.01313068419918,49.26608684284797
2022-05-10 15:15:00,29.897057665718428,1.7187700347209207,763.8409958625355,5.907816401190663,120.01317781908634,50.38004094118079
2022-05-10 15:20:00,28.620435037613138,1.7626852934541557,793.3563241576929,1.8627822102679659,120.0132249539735,50.989105828027384
2022-05-10 15:25:00,30.770248420711834,1.8066005521873918,743.9693341064234,6.8360282452996675,120.01327208886066,51.06522137112682
2022-05-10 15:30:00,28.088674976341153,1.850515810920626,765.2075988769295,6.851718351845096,120.01331922374787,49.29058697849377
2022-05-10 15:35:00,29.865366195044164,1.8944310696538609,740.9286555989427,4.46816065217407,120.01336635863503,50.361387186689235
2022-05-10 15:40:00,29.889075644818654,1.9383463283870948,764.288585144016,7.104130815357409,120.01341349352221,50.88594324748001
2022-05-10 15:45:00,33.25356405576448,1.9822615871203293,788.2306010741969,3.278280668216133,120.01346062840948,50.81023559570085
2022-05-10 15:50:00,31.40941491309192,2.026176845853565,765.65146380613,4.497077735326935,120.01350776329659,49.47747670999684
2022-05-10 15:55:00,31.11695810772576,2.0700921045867995,782.9977234533859,3.3152490220194335,120.0135548981838,49.710803293867194
2022-05-10 16:00:00,35.196957976033154,2.1140073633200345,804.3242841963073,5.073361786018169,120.013602033071,50.76983165316487
2022-05-10 16:05:00,33.45312605158575,2.1579226220532703,824.9113253783897,2.7160772495461045,120.01364916795814,51.05085697597773
2022-05-10 16:10:00,30.749079466501918,2.201837880786504,783.8786900838039,0.19694011288766664,120.01369630284535,50.76197985330801
2022-05-10 16:15:00,26.50425165494784,2.2457531395197385,732.9294342854646,0.20217738091480006,120.0137434377325,51.261382548016606
2022-05-10 16:20:00,25.790359805424682,2.2896683982529735,693.2412153320105,0.19535229491366682,120.0137905726197,51.318789738971546
2022-05-10 16:25:00,30.170724630357086,2.3335836569862076,747.1293759617497,0.19321832514903334,120.01383770750688,51.80935703022751
2022-05-10 16:30:00,34.4789570490631,2.377498915719443,814.3944339340404,0.19631438995503342,120.0138848423941,51.27585875447003
2022-05-10 16:35:00,30.290804154084004,2.4214141744526776,790.5595979003649,0.19495443563586667,120.0139319772812,51.09823526509801
2022-05-10 16:40:00,31.66219749451101,2.465329433185914,821.6666022745517,0.19506655963126668,120.01397911216843,52.13954080200577
2022-05-10 16:45:00,29.271576503117995,2.5092446919191476,757.4812137857868,0.1930881162278333,120.01402624705564,52.18901243845602
2022-05-10 16:50:00,31.065640338262472,2.553159950652382,790.4232395019283,0.19322194164846668,120.01407338194275,51.82638343556962
2022-05-10 16:55:00,29.575757614136354,2.597075209385618,729.4481350097474,0.1960676068784179,120.01412051682998,51.62112473042967
2022-05-10 17:00:00,29.938811299649004,2.640990468118851,773.9304143269658,0.1907379677441487,120.01416765171717,52.45717272440921
2022-05-10 17:05:00,33.138293472922335,2.684905726852086,754.2253754679128,3.6281613372507993,120.01421478660437,52.23809597454741
2022-05-10 17:10:00,25.854434178673046,2.7288209855853216,706.1046200561342,6.592339710071503,120.01426192149151,52.150757897115284
2022-05-10 17:15:00,29.834168415073496,2.772736244318557,785.7200672403666,6.900002925486083,120.01430905637872,51.0125823720295
2022-05-10 17:20:00,30.120958763755187,2.816651503051792,783.4889736938266,6.848466504352194,120.01435619126586,51.68921237599188
2022-05-10 17:25:00,29.13151118087558,2.8605667617850257,773.9001106567116,6.820178594008011,120.01440332615304,51.84290493188721
2022-05-10 17:30:00,25.9002821782344,2.90448202051826,715.5520662027815,6.768341285328398,120.01445046104027,52.03702119106578
2022-05-10 17:35:00,32.19319040086763,2.9483972792514956,821.8394564615614,6.815840684437955,120.01449759592738,51.475487436926954
2022-05-10 17:40:00,29.76373910797937,2.9923125379847297,803.4532929280386,6.818725004996027,120.01454473081465,51.70704179891676
2022-05-10 17:45:00,25.11579435984215,3.0362277967179647,730.4825159708454,6.881818185655836,120.0145918657018,52.17399327596832
2022-05-10 17:50:00,27.376112802836094,3.0801430554511997,768.5531726074015,6.872317743055058,120.01463900058899,51.84894930521638
2022-05-10 17:55:00,27.681829234125665,3.124058314184435,731.8130798339669,6.710395257846892,120.01468613547615,51.38929950460209
2022-05-10 18:00:00,28.151090126667846,3.1679735729176706,768.9483748575627,6.92885831992986,120.01473327036334,51.57507702635952
2022-05-10 18:05:00,29.56943073908226,3.211888831650904,728.5634298095462,6.813147713989396,120.01478040525052,52.21987478129
2022-05-10 18:10:00,29.944760729470623,3.255804090384138,819.6760436401121,6.771155546197062,120.0148275401377,51.8124630533925
2022-05-10 18:15:00,29.919067506790828,3.299719349117373,803.7106875610147,6.739645169105604,120.01487467502494,51.94249799601422
2022-05-10 18:20:00,27.421190452574823,3.3436346078506087,762.9740177408639,6.699451715592512,120.01492180991205,52.00786624145726
2022-05-10 18:25:00,31.01224203427866,3.387549866583844,806.429874674456,6.661681674861614,120.01496894479928,52.15803006490017
2022-05-10 18:30:00,28.237539625162164,3.4314651253170783,737.9590989176203,6.632993702892512,120.01501607968645,52.509615681962835
2022-05-10 18:35:00,29.58666218121633,3.475380384050312,781.2340188598408,6.584563374532999,120.0150632145736,51.51243868510518
2022-05-10 18:40:00,28.384280017219645,3.519295642783547,729.1281109618967,6.559878075130668,120.01511034946081,51.46043527391524
2022-05-10 18:45:00,29.195226634339004,3.563210901516784,781.6490266723368,6.495092165483436,120.01515748434797,51.78707777234584
2022-05-10 18:50:00,31.759138126370303,3.607126160250018,761.1733426106575,6.463578129457767,120.01520461923518,52.44325399779659
2022-05-10 18:55:00,30.94601275698927,3.6510414189832514,743.5219782511172,6.435265078179579,120.01525175412235,52.51858702596116
2022-05-10 19:00:00,29.75105688159012,3.6949566777164864,755.1465097045667,6.437536457919552,120.01529888900957,52.17150744120403
2022-05-10 19:05:00,29.95641991456916,3.7388719364497223,765.6204816690885,6.389437767142274,120.01534602389668,52.299571253463725
2022-05-10 19:10:00,29.026964837711876,3.7827871951829577,762.4105579426882,6.501860609113994,120.0153931587839,52.29192255147694
2022-05-10 19:15:00,27.361247501365863,3.8267024539161905,716.9849191283995,6.532277520190067,120.01544029367108,52.57981349182102
2022-05-10 19:20:00,30.1497340170523,3.8706177126494254,809.5512787068436,6.438755365228502,120.01548742855825,52.38195087687292
2022-05-10 19:25:00,29.183455702464435,3.914532971382661,737.0064978027126,6.347848249285673,120.01553456344547,52.44525089009077
2022-05-10 19:30:00,29.229895436601243,3.9584482301158967,794.8945904540798,6.4111692675113305,120.01558169833261,52.65952499389769
2022-05-10 19:35:00,25.969967627841402,4.00236348884913,679.6376070149555,6.441682378756405,120.01562883321982,52.72032721965134
2022-05-10 19:40:00,33.12949213409742,4.046278747582364,803.1618278604893,6.441643723281327,120.01567596810698,52.335126250760474
2022-05-10 19:45:00,29.948621352510177,4.0901940063156,791.1557859496842,6.399670829346985,120.01572310299419,52.64866591944858
2022-05-10 19:50:00,26.922254228595836,4.134109265048835,704.9476016438534,6.3649463111959745,120.01577023788134,52.510799723304736
2022-05-10 19:55:00,30.858131055825826,4.178024523782068,829.4454648844163,6.339996026205672,120.01581737276852,52.71843708292666
2022-05-10 20:00:00,26.59372434298333,4.221939782515306,731.1688067830179,6.296947600859334,120.01586450765573,52.28105211893132
2022-05-10 20:05:00,27.72862194378682,4.265855041248542,750.8547083333175,6.275108179834395,120.01591164254285,52.144855275469176
2022-05-10 20:10:00,28.69105130195491,4.309770299981774,801.5732868448644,6.20388191452518,120.01595877743013,52.50139990233928
2022-05-10 20:15:00,25.968061491645614,4.353685558715009,723.0640761311653,6.131253920721934,120.01600591231727,52.85929778682623
2022-05-10 20:20:00,28.088519675568527,4.397600817448242,756.66869543455,6.14699434700777,120.01605304720445,52.33268712476512
2022-05-10 20:25:00,28.858393461864615,4.441516076181477,775.3412400715939,6.083787349732151,120.01610018209163,51.66569326574304
2022-05-10 20:30:00,32.54384429931881,4.485431334914716,796.9573827717854,6.067537311490981,120.0161473169788,52.17264097548847
2022-05-10 20:35:00,24.557090387343212,4.529346593647949,667.6933455199982,6.028566068289875,120.01619445186599,52.68848789515948
2022-05-10 20:40:00,31.86928242047644,4.573261852381181,817.0890030517322,5.966801216510836,120.01624158675314,52.1135070440081
2022-05-10 20:45:00,29.637808650331827,4.617177111114418,690.7005253295691,5.9131476402482255,120.01628872164038,52.225897740679535
2022-05-10 20:50:00,28.114225792358898,4.661092369847652,784.4013758748121,6.031217759614467,120.01633585652752,52.21719796244484
2022-05-10 20:55:00,31.384132800633786,4.705007628580887,759.5737097019799,6.152569547604311,120.01638299141474,52.34837100728849
2022-05-10 21:00:00,29.11334299595419,4.748922887314122,710.1551759384412,6.279869863470668,120.01643012630193,52.38994026461612
2022-05-10 21:05:00,29.032880045566543,4.792838146047356,757.6768220824932,6.351954679492558,120.01647726118907,51.82420674873771
2022-05-10 21:10:00,29.279687253777503,4.836753404780591,762.7338435668681,6.416775506605508,120.01652439607628,51.854114812216174
2022-05-10 21:15:00,29.547666808534967,4.880668663513827,713.0894304809378,6.459053398454669,120.01657153096343,51.847898142496675
2022-05-10 21:20:00,29.568612605499474,4.924583922247062,774.4956471760851,6.461370533341441,120.01661866585064,51.79044304402387
2022-05-10 21:25:00,27.40249618466703,4.968499180980297,760.0351995849371,6.466581472695463,120.01666580073783,51.83172960408954
2022-05-10 21:30:00,28.586264143627012,5.01241443971353,705.0949285278122,6.451982409946807,120.01671293562504,51.90043063863529
2022-05-10 21:35:00,28.276415589650643,5.056329698446766,766.9025450235814,6.427434508016166,120.01676007051218,51.628621266688555
2022-05-10 21:40:00,28.879606402716963,5.10024495718,779.4656309000391,6.401150473135461,120.01680720539939,52.05183123271042
2022-05-10 21:45:00,28.25838009516721,5.144160215913234,697.0424851480911,6.38633926949417,120.01685434028654,51.380686747236155
2022-05-10 21:50:00,32.297713619237896,5.18807547464647,783.2846220906329,6.389926574176707,120.01690147517368,51.13411967468003
2022-05-10 21:55:00,28.86439532408022,5.231990733379703,757.8869760741981,6.394814309360787,120.01694861006096,51.54590686034116
2022-05-10 22:00:00,29.934800226845194,5.275905992112941,664.5238206380013,6.414229210228367,120.01699574494808,51.482909444168804
2022-05-10 22:05:00,32.45509144465716,5.319821250846176,802.9951846313181,6.411925222093634,120.0170428798353,51.61296996053672
2022-05-10 22:10:00,30.02218500137451,5.363736509579408,749.1189458211047,6.398324366783116,120.01709001472248,51.34806198120117
2022-05-10 22:15:00,32.30360430187804,5.407651768312642,758.6742492675567,6.3965800099113785,120.01713714960967,51.55081487944752
2022-05-10 22:20:00,29.044359253775102,5.451567027045877,745.7023347981544,6.385236124998165,120.01718428449684,51.187072134305815
2022-05-10 22:25:00,35.51197847684731,5.495482285779114,749.70904345701,6.392704997078834,120.01723141938402,51.65193818988724
2022-05-10 22:30:00,27.675949453353994,5.53939754451235,755.9803844400816,6.38984600299841,120.0172785542712,51.582726986514594
2022-05-10 22:35:00,29.412226050697658,5.583312803245584,724.122890218076,6.380980644464091,120.01732568915834,51.516475508259795
2022-05-10 22:40:00,30.092283206938696,5.627228061978818,733.4092531738097,6.371003641929098,120.0173728240456,51.54351869848911
2022-05-10 22:45:00,27.359770689006492,5.6711433207120505,756.8960048014069,6.369520703321736,120.01741995893273,51.777547653201935
2022-05-10 22:50:00,27.216805329546354,5.715058579445287,666.386621568446,6.367752023073,120.01746709381992,51.34116607666157
2022-05-10 22:55:00,27.05025068419231,5.758973838178522,697.8003475273753,6.367270991336571,120.0175142287071,51.332871678670784
2022-05-10 23:00:00,25.519949525197994,5.802889096911759,640.4335053507294,6.3928002482151,120.01756136359427,51.12669878133749
2022-05-10 23:05:00,32.46049739201712,5.846804355644992,698.6423243204584,6.4069254226326615,120.01760849848147,51.10683830261817
2022-05-10 23:10:00,33.44203521792562,5.890719614378226,698.4862748616357,6.429308036975836,120.01765563336863,51.03712916056104
2022-05-10 23:15:00,26.4387691955531,5.93463487311146,557.0123334859127,6.461559914754732,120.01770276825584,51.21790257772518
2022-05-10 23:20:00,29.638519284563124,5.978550131844697,674.0606414286099,6.489402762430554,120.01774990314303,50.57971841430917
2022-05-10 23:25:00,32.6260511042314,6.022465390577933,668.3704282633258,6.4855869341074985,120.01779703803024,50.772315490731
2022-05-10 23:30:00,29.29904706128292,6.066380649311165,563.790850769043,6.481753030154434,120.01784417291736,49.19592184448178
2022-05-10 23:35:00,30.085027792620245,6.1102959080444,671.8287982584428,6.476157693405099,120.01789130780456,49.792346918743796
2022-05-10 23:40:00,29.23094185257389,6.1542111667776345,619.0745959675965,6.464692142655703,120.01793844269176,50.300594019575506
2022-05-10 23:45:00,32.19649521192187,6.1981264255108695,605.493362121566,6.466431897642135,120.0179855775789,50.29574539524294
2022-05-10 23:50:00,29.007647390373016,6.242041684244106,678.4271245320418,6.449917143187506,120.01803271246614,50.55308358934418
2022-05-10 23:55:00,30.003051703770186,6.285956942977341,608.4639242553525,6.4433777968119985,120.01807984735329,49.844854253128844
2022-05-11 00:00:00,31.295376024249006,6.329872201710576,661.3519267781386,6.440068350635168,120.0181269822405,50.35732170104737
2022-05-11 00:05:00,30.143429911935005,6.373787460443809,654.180794067363,6.4290729586403375,120.01817411712764,50.15190551757148
2022-05-11 00:10:00,27.832375609078323,6.4177027191770435,627.130227783185,6.412019302061003,120.01822125201484,50.33147295634484
2022-05-11 00:15:00,29.678830534615347,6.461617977910279,594.4000347188111,6.3927231057641665,120.01826838690201,49.8472420501655
2022-05-11 00:20:00,31.892434407549565,6.505533236643514,673.1437542724434,6.368706911402674,120.01831552178916,50.16835060119765
2022-05-11 00:25:00,28.44017324065863,6.549448495376749,635.8913850911288,6.363584450490296,120.01836265667643,49.89082786051133
2022-05-11 00:30:00,26.96135764375579,6.593363754109983,576.4400903320108,6.3424962376647365,120.01840979156356,49.78929467265012
2022-05-11 00:35:00,34.52187829652733,6.637279012843218,668.5481061808082,6.326546397477937,120.0184569264508,49.501987767537784
2022-05-11 00:40:00,30.469825930281857,6.6811942715764525,633.1986246235996,6.314782247988305,120.01850406133795,49.791185607909284
2022-05-11 00:45:00,28.60169229380145,6.725109530309687,602.4803975117852,6.294483211636061,120.01855119622512,49.11747766113738
2022-05-11 00:50:00,31.512233282726314,6.769024789042923,635.3595398762837,6.281390044272454,120.01859833111227,49.24295496623185
2022-05-11 00:55:00,28.783173397065735,6.812940047776158,616.3421606953798,6.263771161358124,120.01864546599948,48.59183770752081
2022-05-11 01:00:00,29.613037895839533,6.856855306509392,655.4707179768759,6.233132912247602,120.01869260088664,48.47766559809516
2022-05-11 01:05:00,31.677923556008047,6.9007705652426266,662.664987792949,6.217110036471198,120.01873973577382,48.862464101625406
2022-05-11 01:10:00,29.794784809746314,6.944685823975863,597.6632583109426,6.203443583025299,120.01878687066109,48.48436655680679
2022-05-11 01:15:00,29.843078708643638,6.988601082709098,663.2027497151544,6.199226266880595,120.01883400554817,47.96123811848619
2022-05-11 01:20:00,30.262119191487315,7.0325163414423315,659.6890242716257,6.15702331360882,120.01888114043541,48.24841645177811
2022-05-11 01:25:00,29.89479401588998,7.0764316001755665,588.0978946092292,6.146518256915112,120.01892827532261,48.34874991480437
2022-05-11 01:30:00,30.566633241016223,7.1203468589088,675.4462675102887,6.129564888006495,120.01897541020975,48.016108540858156
2022-05-11 01:35:00,27.791880956646608,7.1642621176420365,633.4926015421446,6.097063381047635,120.01902254509696,47.86740056355884
2022-05-11 01:40:00,29.029442043306176,7.208177376375273,601.6962549031388,6.055622842085215,120.01906967998411,48.086078872684006
2022-05-11 01:45:00,29.33627808189418,7.252092635108506,645.0968971964347,6.033144569793221,120.01911681487131,48.948394902549
2022-05-11 01:50:00,29.51753156090465,7.296007893841741,659.2017914767638,6.017099919197905,120.0191639497585,47.79409818013482
2022-05-11 01:55:00,31.2721423804002,7.339923152574975,674.53907416448,5.988314082157436,120.01921108464572,48.07757147725044
2022-05-11 02:00:00,32.53461883990349,7.383838411308208,635.7031131320357,5.961321193858067,120.01925821953282,47.57433037821741
2022-05-11 02:05:00,28.48174346288214,7.427753670041443,642.906316646985,5.911512821538499,120.01930535442004,48.257880579630495
2022-05-11 02:10:00,30.154547303526154,7.47166892877468,622.0313582865281,5.873282243419012,120.01935248930725,47.85970853169818
2022-05-11 02:15:00,30.932511205671666,7.5155841875079155,628.084327189111,5.813975947394735,120.01939962419436,48.19251145426908
2022-05-11 02:20:00,32.347650887174474,7.55949944624115,625.6196309305652,5.777684020370772,120.01944675908159,48.07255166625925
2022-05-11 02:25:00,28.10545560995774,7.603414704974383,682.0302088690686,5.736321138717668,120.01949389396879,48.23509328206001
2022-05-11 02:30:00,28.22817266146266,7.647329963707616,620.6289098442727,5.711588776923999,120.01954102885598,47.98868637084568
2022-05-11 02:35:00,26.64753711414386,7.691245222440851,628.1411440700776,5.677825099634507,120.01958816374312,47.773602320359
2022-05-11 02:40:00,31.55155936368788,7.735160481174088,721.9628033786153,5.660232165221792,120.01963529863033,47.691000086471945
2022-05-11 02:45:00,28.01519353420995,7.779075739907325,631.8982821655117,5.629886990837713,120.01968243351747,48.016650314328736
2022-05-11 02:50:00,29.882874684653096,7.822990998640559,687.5808514404089,5.620154587156137,120.01972956840466,48.35739415996064
2022-05-11 02:55:00,29.33136299070145,7.866906257373793,602.162580251043,5.604827821564697,120.01977670329188,48.987699045825
2022-05-11 03:00:00,30.237158420354245,7.910821516107026,691.0054080606919,5.575224541514974,120.019823838179,48.34641701761464
2022-05-11 03:05:00,33.10333083301004,7.954736774840261,683.2052069295057,5.567993153259646,120.01987097306626,48.31458974879981
2022-05-11 03:10:00,29.19412483914823,7.998652033573497,655.7818997802577,7.631341982792221,120.01991810795342,49.16698382907707
2022-05-11 03:15:00,26.977297383620872,54.600825995527295,525.047504669185,172.08949048360742,128.29574404391286,48.23338317871567
2022-05-11 03:20:00,33.1988392594703,60.59671824079406,701.6974324544063,154.31224606832447,142.9370065434785,48.470260452270615
2022-05-11 03:25:00,32.26917853990949,59.63277649619995,665.4506537712795,148.5622286834758,133.81230335234582,48.354403508503246
2022-05-11 03:30:00,26.986737324393662,60.22319340389462,608.0165425787916,150.14765615845553,140.9821025153197,48.90065616862162
2022-05-11 03:35:00,30.145557479857175,60.984433892571055,645.0119541422358,148.29314578246925,147.97824638367427,48.47436381021707
2022-05-11 03:40:00,28.74973942756984,60.451608931233274,672.3768676248983,152.4132375844336,147.35101130167203,48.6668803660043
2022-05-11 03:45:00,27.063740945389835,59.91403486887613,606.0993714396087,148.81391682943465,137.58145375568031,48.49305035908432
2022-05-11 03:50:00,30.354691136468567,60.984862082164376,681.3211243285979,150.59768193563312,148.25152028401916,49.00489028930153
2022-05-11 03:55:00,27.322203535714227,60.77661877695877,609.6085399780216,149.32267637465554,147.97933893840397,48.61414112853828
2022-05-11 04:00:00,26.8438005790719,61.15951834106586,647.1121785685106,147.8764870775069,151.677801513663,48.678550511685216
2022-05-11 04:05:00,28.94776025835307,61.81073409143833,639.8139456176591,152.4553200302208,157.7663549804624,49.09965849304171
2022-05-11 04:10:00,27.697073671336632,60.73592805215303,586.8056996052962,149.0623037160318,149.48595898946903,49.371349721273695
2022-05-11 04:15:00,28.33136957295565,61.12926470111379,664.54865523273,149.89057127380494,150.49030923685598,48.83482437641798
2022-05-11 04:20:00,28.084091749187603,60.265659533602275,645.4043254597827,148.6166910654772,142.91906704317717,48.52497599284063
2022-05-11 04:25:00,29.290394077312964,60.5647997008373,581.6907357787962,151.60240484110804,149.7495826593972,48.15312568155722
2022-05-11 04:30:00,29.350121389568017,59.94905825296577,632.9808821614434,151.72673255920938,140.06821360946816,48.648756343495066
2022-05-11 04:35:00,28.846845992862114,60.38939332325946,658.0358624267402,148.15538876852136,142.57536145107926,48.94885656645127
2022-05-11 04:40:00,29.229500048957178,60.586691761017185,610.1341154988428,150.75780209859593,145.18230449081244,49.295544433597804
2022-05-11 04:45:00,27.713369270956015,59.75829772948283,595.0493006896826,150.9496585083107,138.06609543354992,49.06362958272882
2022-05-11 04:50:00,30.098856515881472,60.499455699911465,694.5375082397285,148.53565165202556,142.5897383066794,49.28028710799175
2022-05-11 04:55:00,29.624481318785662,60.74087238947508,678.6478436279097,151.38488220214896,147.97089018504207,49.589278118251926
2022-05-11 05:00:00,25.958362659873348,60.141672344195044,563.7786796061177,148.03044303894507,140.45466154733953,49.70297653198149
2022-05-11 05:05:00,31.111608335706503,60.83410121917504,684.9054353840982,150.66479190826757,144.9539760996447,49.46669588725035
2022-05-11 05:10:00,27.03746898862628,60.2173774210603,661.6863114420353,149.91607666015855,143.2947734730886,49.34595090956919
2022-05-11 05:15:00,25.548365489115763,60.369382761743374,601.351326416002,150.73335019430462,143.9895607147316,49.403824964249644
2022-05-11 05:20:00,30.540595318476456,60.92514720316502,665.4548084987881,148.81048159281775,148.60413883634882,49.26865979512749
2022-05-11 05:25:00,28.370486451254965,60.948858153820986,632.7186906941556,152.07097045898794,151.32977718777153,49.63898122151587
2022-05-11 05:30:00,29.15521424632448,60.76673912811327,681.2503874443715,147.5994906616209,147.02767608643182,49.460810139976296
2022-05-11 05:35:00,29.911158029558457,61.34691939256372,638.1144927571448,149.93850199381907,151.85596750893663,50.06148562113772
2022-05-11 05:40:00,26.957798246379124,61.554282387121006,584.5072188313607,147.74342817688344,155.45734880236526,49.87947617594483
2022-05-11 05:45:00,30.684557370504688,61.26281085459951,692.0846168009282,152.89155742391569,154.1598746236256,49.744266159061986
2022-05-11 05:50:00,28.00849616051132,59.88362763722199,631.8908442179168,151.77914423116746,141.97256694793995,49.25218616231201
2022-05-11 05:55:00,30.56347921372066,61.28598672866351,649.6474621581856,143.20060718283196,147.33980405173838,49.168253860469015
2022-05-11 06:00:00,29.097860040663836,62.29358596166214,639.6068634033054,154.15656398774155,160.92340983717702,49.64373118082753
2022-05-11 06:05:00,28.39699510256131,61.62209909437468,652.4857258097269,150.2017039235513,155.09610913712135,49.50686749775885
2022-05-11 06:10:00,31.086875877378013,60.99134545643365,683.7573402913259,150.94242619832528,150.21282810719507,49.12796241760832
2022-05-11 06:15:00,27.213136987687662,61.30678702036571,580.3845857747326,148.47993357340295,148.51109954069426,49.35254717509433
2022-05-11 06:20:00,29.265207268392338,61.0321916071538,686.2660288492615,151.1495835622219,152.3151796188356,48.927199757890556
2022-05-11 06:25:00,26.65370977720434,59.175052216840804,454.6505310058529,52.598297868576495,146.88278233931308,50.986380310061904
2022-05-11 06:30:00,25.29080895741484,57.13164948781659,424.29221717023137,3.2517700135831005,126.55174742973742,53.15229338582607
2022-05-11 06:35:00,29.278544909154668,56.43359509786389,595.8898660030871,0.1815755295540667,120.20530115507358,54.60794296264357
2022-05-11 06:40:00,25.485436220168165,56.241242500296586,497.03877448625923,0.1822663571213,120.36818239341223,56.21792178853667
2022-05-11 06:45:00,26.474347095488657,56.84778934860293,515.3861746419253,0.18361546041663335,120.6238936216551,55.628882334396025
2022-05-11 06:50:00,21.58689058304734,57.57493233108038,297.0915702819803,0.17957176789790014,120.64301915231073,54.70960198465446
2022-05-11 06:55:00,22.12634976784105,23.569429000868002,231.6576312516149,16.071319744104564,120.50027754042698,54.339404881792184
2022-05-11 07:00:00,27.274961527983113,0.31763401287143544,605.7980869440069,0.18553482800661122,120.17920392461832,51.33998443603958
2022-05-11 07:05:00,29.58884293237833,0.610384255149256,642.3025367736653,0.18717449003883332,120.1939312831479,49.7893954213445
2022-05-11 07:10:00,19.813726728440876,0.9031344974270762,470.27222008261003,0.18616175721150008,120.20865864167756,50.538985926303525
2022-05-11 07:15:00,20.304019996016258,1.1958847397048966,556.5316475626458,0.1883391296407,120.22338600020707,47.10728265889936
2022-05-11 07:20:00,17.97325429024444,1.4886349819827176,500.5282084859227,0.18747830784906672,120.23811335873675,46.424581069945845
2022-05-11 07:25:00,17.859424151461607,1.7813852242605381,590.1681867268705,0.19177584025761224,120.2528407172663,47.392233032230564
2022-05-11 07:30:00,18.696305514288834,2.074135466538358,637.8475870768029,0.18979728836256585,120.26756807579596,48.21682799785076
2022-05-11 07:35:00,19.040115874608478,2.366885708816179,674.301599019348,0.1891336428320556,120.28229543432552,49.055648167927174
2022-05-11 07:40:00,17.557401924135206,2.6596359510939993,719.391658935527,0.191749865187,120.29702279285516,50.016899693808625
2022-05-11 07:45:00,16.282415506999165,2.9523861933718196,725.4633452351698,0.19070096345933335,120.31175015138477,49.03947650485844
2022-05-11 07:50:00,14.996456865631325,3.245136435649641,727.4149704386182,0.19339390905989387,120.32647750991431,48.436186113150185
2022-05-11 07:55:00,15.433349855417667,3.5378866779274607,706.8011944173036,0.1896898745399394,120.341204868444,48.90169115194503
2022-05-11 08:00:00,13.044407505993647,3.8306369202052815,596.3804950968317,0.19307003163499986,120.35593222697351,49.75899065653215
2022-05-11 08:05:00,15.385673618317165,4.1233871624831036,675.3697608235457,0.19569228289166668,120.37065958550316,49.70005841573152
2022-05-11 08:10:00,15.597568235070497,4.416137404760926,683.8630259602716,0.19361256763233328,120.38538694403277,49.534988006599356
2022-05-11 08:15:00,17.169953448922612,4.708887647038748,654.748644449852,0.19231771709053339,120.40011430256236,48.815081024173494
2022-05-11 08:20:00,18.21850483194307,5.001637889316568,610.5722272135266,0.19269387462743337,120.414841661092,49.32094996643689
2022-05-11 08:25:00,20.951862144469,5.294388131594385,686.2908882649582,0.19632885744443332,120.42956901962154,49.25775045267645
2022-05-11 08:30:00,22.952407897311982,5.587138373872204,707.3085085042102,0.19154370108076668,120.4442963781512,48.931959581167405
2022-05-11 08:35:00,25.832668170922872,5.879888616150026,708.8865557861155,0.19679642345325774,120.45902373668073,48.689714719986796
2022-05-11 08:40:00,22.577371409737665,6.172638858427848,606.0818331909009,0.19562257544654252,120.47375109521039,47.72416617838322
2022-05-11 08:45:00,24.36145392100648,6.46538910070567,698.11941038003,0.19371745686476663,120.48847845373996,48.782119476316886
2022-05-11 08:50:00,26.44261056581895,6.7581393429834895,698.3886217854603,0.19086799832064544,120.50320581226958,47.821310038243496
2022-05-11 08:55:00,22.634575322467867,7.050889585261311,555.7941832580444,0.19377466984102107,120.51793317079922,48.01371707153131
2022-05-11 09:00:00,25.145450604756498,7.34363982753913,698.0686854044421,0.1929265609081,120.53266052932874,47.37408721924215
2022-05-11 09:05:00,27.457482411066838,7.63639006981695,675.7403981526506,0.1984182190587001,120.54738788785845,48.374580764773675
2022-05-11 09:10:00,26.374411402805684,7.929140312094769,658.1369588215925,0.19597440137213343,120.56211524638796,47.45910338084266
2022-05-11 09:15:00,26.49244391653027,8.221890554372592,704.7490977986465,0.19798901327766658,120.57684260491762,47.955391070053324
2022-05-11 09:20:00,26.41515651766509,8.514640796650413,645.6952650349706,0.1985243148583,120.59156996344718,47.784458007820575
2022-05-11 09:25:00,26.893498585386737,8.807391038928237,698.3533559773565,0.19741754331270003,120.60629732197681,47.84475392659756
2022-05-11 09:30:00,27.95728946686133,9.100141281206051,684.505232645648,0.1971028731061666,120.62102468050642,47.67671775817882
2022-05-11 09:35:00,25.113470573424657,9.392891523483874,666.5739086913921,0.19819246416754163,120.63575203903602,47.898819071456
2022-05-11 09:40:00,26.84451255480049,9.685641765761693,665.8517121378363,0.2000714432739918,120.65047939756565,47.612266858419375
2022-05-11 09:45:00,24.41604850768251,9.978392008039515,633.4318067219854,0.19770689545933326,120.66520675609519,47.30038373057803
2022-05-11 09:50:00,29.86046561177892,10.271142250317338,731.7454456583463,0.19506656084943327,120.67993411462487,47.53563975016661
2022-05-11 09:55:00,28.76783564948648,10.563892492595159,656.2108328450316,0.19890167755553334,120.69466147315437,47.84281086731042
2022-05-11 10:00:00,27.01784093539113,10.856642734872977,672.5859782918081,0.19804929455000006,120.70938883168402,47.534833775842266
2022-05-11 10:05:00,27.121118307754863,11.149392977150798,706.1504649251116,0.19694011232403325,120.72411619021365,47.54936419169169
2022-05-11 10:10:00,27.464727753959686,11.442143219428619,655.0065666707177,0.20130570909143342,120.73884354874322,47.05416204834054
2022-05-11 10:15:00,28.07625973066164,11.734893461706442,673.7112833251814,0.20385923916953336,120.7535709072729,47.09864577229678
2022-05-11 10:20:00,31.169146032330325,12.02764370398426,735.0857102118414,0.20040148443286676,120.76829826580241,46.935293523159324
2022-05-11 10:25:00,27.332282670339136,12.320393946262081,617.3962300753909,0.19895834254663336,120.78302562433208,47.06047547482977
2022-05-11 10:30:00,27.124418353405666,12.613144188539902,698.5375052822957,0.19721740906322205,120.79775298286161,47.39536178510741
2022-05-11 10:35:00,29.37878172938051,12.905894430817721,688.7742923250902,0.2021577208780599,120.81248034139128,47.27580079432634
2022-05-11 10:40:00,27.180064601892845,13.198644673095544,648.6151101684379,0.2009033990525512,120.82720769992086,47.40063858758901
2022-05-11 10:45:00,30.261095447547497,13.491394915373364,722.6129585774546,0.20186632837670004,120.84193505845047,47.233561589564026
2022-05-11 10:50:00,27.740757121405434,13.784145157651185,661.5754577174156,0.202205330186103,120.85666241698009,47.37042426554463
2022-05-11 10:55:00,28.511348285394185,14.076895399929002,678.3175243585546,0.202156666026697,120.87138977550963,47.33101895141716
2022-05-11 11:00:00,23.641223281067933,14.369645642206825,607.8142968749827,0.2088360906260667,120.88611713403932,46.5834207661969
2022-05-11 11:05:00,24.661029737266336,14.662395884484646,644.8762635294396,0.2020254714611001,120.90084449256882,46.691142018639944
2022-05-11 11:10:00,26.377149108243007,14.955146126762465,633.7865509033012,0.20433666923149998,120.9155718510985,47.236178766889196
2022-05-11 11:15:00,31.675362831759006,15.247896369040285,686.8704980468576,0.19943248430928784,120.93029920962809,45.74769091289419
2022-05-11 11:20:00,29.713966557194308,15.540646611318106,701.6873880004749,0.1987663171087455,120.94502656815767,44.71416225688872
2022-05-11 11:25:00,31.428325913752317,15.833396853595932,692.0361562092883,0.20187356118766664,120.95975392668731,47.11221210225723
2022-05-11 11:30:00,32.37354830212485,16.126147095873748,682.100260843895,0.1981807079300666,120.97448128521685,46.93258271281448
2022-05-11 11:35:00,29.962226759802075,28.019392499736604,674.2505151163481,69.52840003546298,121.16492921970121,47.00511764018575
2022-05-11 11:40:00,27.804571236294432,61.24657841364204,654.6273004150186,146.76562400563537,136.27471442539886,48.53935719298738
2022-05-11 11:45:00,32.668737727480284,62.425860544836,682.5891387125478,139.81290548960078,160.05292182413476,48.23948253207801
2022-05-11 11:50:00,33.85868344433638,61.036560713437055,700.365749966077,142.59323270162614,154.6370238520317,49.08267851935484
2022-05-11 11:55:00,30.060080843603373,62.15816748809654,688.295508293981,140.00206899007867,160.0877344733372,48.203281936647684
2022-05-11 12:00:00,31.725162206227573,62.785990834970455,693.6207974175132,137.56889101663955,162.735687371975,50.23712760925366
2022-05-11 12:05:00,27.584718270832933,62.34663491778729,620.8641897243722,140.69783280691271,162.81080268013366,50.10512662251449
2022-05-11 12:10:00,30.491217796529398,61.681373300262905,686.2471316343181,141.29662442526057,158.02769327630764,49.93548108927203
2022-05-11 12:15:00,28.522656747183902,62.29351731540255,667.5998716751054,141.49447634379652,162.38084973823192,50.12088716634359
2022-05-11 12:20:00,30.61839270209978,60.96349674648476,702.1536120266196,138.57694131469404,149.6762994689762,49.41819171142586
2022-05-11 12:25:00,28.40607659593831,61.207398440039796,643.1744814046031,140.8537750778238,150.10998586526696,50.76008517965386
2022-05-11 12:30:00,28.519523461665145,61.24374156188559,657.5212733764419,139.80898900858622,153.36339289856048,50.05627943420376
2022-05-11 12:35:00,26.364037345891965,60.73051083373918,548.5009955037389,141.0046376342764,146.24628753661975,50.307494155884534
2022-05-11 12:40:00,32.99245129458384,60.03649819819743,693.1508792114089,140.52986688233025,140.5398209126545,50.089236872356175
2022-05-11 12:45:00,33.35139908981307,60.97996868959855,647.0555958251742,139.959887123112,143.6224395243385,50.73090820821212
2022-05-11 12:50:00,31.12911963653699,60.44094526608979,695.0151492105942,138.52482922363797,144.38866307575697,50.50537256876669
2022-05-11 12:55:00,33.71684492747097,61.15237123489317,667.8506488036918,141.8041159693477,148.85339073181382,51.13333947754058
2022-05-11 13:00:00,30.12389494323364,61.13775715637204,653.6765251057753,137.9834844741857,151.27455037859318,50.573191965738616
2022-05-11 13:05:00,32.98475424703034,61.811522702535136,632.4349353840945,140.22643886312477,160.65487911225836,50.89434913126817
2022-05-11 13:10:00,29.948119874315896,61.171871626533346,651.5783986205864,137.59934803263755,152.2424332894141,50.98029587300382
2022-05-11 13:15:00,30.689786731085793,62.54115670266952,649.5285039672655,142.03916382344985,163.13095099556665,51.22203514099467
2022-05-11 13:20:00,30.133589541114166,61.64361282602765,612.3913141682758,140.37550911459184,158.05483610875223,51.492390000772275
2022-05-11 13:25:00,31.487391633989137,62.55065813063404,670.527253397607,138.0718525441519,164.42861182149767,51.394966998938926
2022-05-11 13:30:00,32.093982308716804,61.472414779659026,665.5554850815096,141.4894132944766,157.77107317353597,51.54134409586282
2022-05-11 13:35:00,31.501712830864157,62.48377751667408,675.0921596734995,140.6485089670901,160.78390496826927,52.1256900583877
2022-05-11 13:40:00,30.726637201314055,62.053946782062894,692.3812064615686,138.96374760945633,163.45575729878428,51.571972503666835
2022-05-11 13:45:00,29.575966517129995,61.43808745610888,654.1825103759584,142.60565673828395,157.47453465270283,51.81239949544635
2022-05-11 13:50:00,29.467754430769666,61.33325342177866,643.3036050414838,138.22508594513343,154.53984079485627,52.19123407999631
2022-05-11 13:55:00,29.211406138741708,62.03254948377127,672.2462250125546,142.23597394308504,162.26215526325134,52.57686729432351
2022-05-11 14:00:00,33.30063618660234,61.36958682934671,655.1202616003641,137.91188123067545,155.72887496195844,52.84987058003734
2022-05-11 14:05:00,30.137919051310256,61.895230934141786,684.4870157267073,139.0326133473804,159.09562642656678,52.926451619457666
2022-05-11 14:10:00,29.686057259412742,61.35957897568249,649.4814137369585,143.7312525431344,155.47292496236278,52.924016393026186
2022-05-11 14:15:00,29.876950383504518,62.67232780709965,668.3924174397603,138.1065784454412,161.00485813223588,52.57755526224697
2022-05-11 14:20:00,28.476613528563526,61.93571010080325,666.0796280517385,138.99219327291468,162.175811381019,52.987214706423735
2022-05-11 14:25:00,30.10915259679656,61.696262246447866,619.0074532267058,138.8283294423518,157.97065636104662,53.24470563761393
2022-05-11 14:30:00,30.928954877852973,61.719102036791774,660.0802288614686,142.15739561462644,158.35521928152147,53.811183415732
2022-05-11 14:35:00,28.468713709513867,62.27651255257092,617.2024995591725,136.04512020366076,161.77260944366765,53.82230524190186
2022-05-11 14:40:00,33.88774309158948,63.03564816950222,653.0192567274113,142.30442579143067,170.8432225926825,54.29842779032447
2022-05-11 14:45:00,31.782110438485226,62.381888465879314,647.6267022704883,139.17364325206034,164.91047548929095,54.02076204427136
2022-05-11 14:50:00,29.532331417249424,61.82267384846547,597.1770267740739,140.47287653096984,158.6941381581703,53.93466927592286
2022-05-11 14:55:00,31.218793586094495,61.70060965219618,640.2267093912574,140.31885475158438,157.87052672068342,54.052440719604164
2022-05-11 15:00:00,35.36265176772835,62.45095262526716,652.3425066121213,138.95678568523135,163.5018978754663,54.178501129149836
2022-05-11 15:05:00,30.37809949683881,62.04131101226368,646.7503099771947,139.82795140584543,162.7273702358645,53.99341306898481
2022-05-11 15:10:00,29.6496675891932,61.660828556055364,607.3191889750032,141.34407901509618,157.5502761484981,54.25573883133943
2022-05-11 15:15:00,32.76251365343567,62.01604844410842,670.6034458414522,138.7268383093986,159.38987005107532,54.50065605763845
2022-05-11 15:20:00,33.91759338442282,62.859626283642406,693.1850065714327,137.66870563083776,168.42718262057588,54.55115571085766
2022-05-11 15:25:00,32.69832606697839,62.857489880240635,706.6785482177568,141.5027195485461,171.19421329628858,54.763852030433675
2022-05-11 15:30:00,27.32943692397875,62.85035271579875,598.9178034260925,140.65790974511188,169.87116588973498,55.28727428860178
2022-05-11 15:35:00,26.666771477389766,62.17224929300565,627.8518906860158,139.84065283033976,161.84318615212908,55.20414900884865
2022-05-11 15:40:00,31.52113609441488,62.378223861688845,647.7347570800592,137.7730018039364,163.42350302631377,54.63254610867546
2022-05-11 15:45:00,28.497739594778512,62.63973142623682,619.3552180989393,142.898676302594,167.71542737327124,54.749995727538156
2022-05-11 15:50:00,31.757121463783207,61.76804225412834,630.0121024373166,140.25172528584906,159.3909666086761,55.27425861613317
2022-05-11 15:55:00,30.743844766189845,62.59205974450715,625.5409461466273,138.07911474863926,162.6927931950904,55.46172292073253
2022-05-11 16:00:00,30.48551187091475,62.23889871597821,610.1861278889788,137.41429655965996,160.36758370463198,54.79089589437451
2022-05-11 16:05:00,33.12781839583748,62.38602396265442,648.8288520304166,143.24289953613572,165.66062392681172,54.96853821309675
2022-05-11 16:10:00,35.540780544283315,62.057721841174434,681.6038590087721,139.87003376771264,162.27880171034758,55.05485574341246
2022-05-11 16:15:00,28.67147466977817,62.36022359847482,606.8289042663399,140.3205509694547,163.43616195255626,55.464760314942296
2022-05-11 16:20:00,29.938072430293346,61.75340447742745,623.8251600646806,140.42111516826094,160.24179637908748,55.295030237838425
2022-05-11 16:25:00,33.12406354269319,61.92585302353013,656.2773293049927,138.96084651947768,158.8351112102445,56.116750061034146
2022-05-11 16:30:00,32.746104052864,62.094017632807024,649.391838989239,139.3379549865784,161.15300658846462,55.55582318115329
2022-05-11 16:35:00,30.873644046783188,61.900578899383326,614.7537990315574,140.27561127218203,160.17909436544662,56.13868555704663
2022-05-11 16:40:00,30.13319478035044,61.50306266148691,647.9332312011555,141.4668034108512,155.94426010131087,55.475064163205865
2022-05-11 16:45:00,32.79958062998379,61.37353817621583,712.9545752970174,141.0806273651194,155.89054092406934,55.936675618492494
2022-05-11 16:50:00,30.65425343639942,61.98659544627535,606.3333857218302,137.6079526774095,159.4004904784997,56.512319081630814
2022-05-11 16:55:00,27.966462036766327,62.39253055699012,619.4815553995587,139.6889717610747,163.54608214824185,56.85177775065296
2022-05-11 17:00:00,30.239070625311992,21.92923497659402,687.6649311116366,101.75387509905374,162.81079875063898,57.88295171102384
2022-05-11 17:05:00,31.537021128331297,0.08434146115637768,528.6317438340096,31.962982890511164,156.8889283436915,58.013833312981006
2022-05-11 17:10:00,27.43525987306782,0.16505099336343765,587.2979212442938,0.19969257265476664,156.8241319043658,57.040087363501215
2022-05-11 17:15:00,33.029931418107005,0.24576052557049768,622.1634703572385,0.19842304157046664,156.7593354650402,56.992910337514196
2022-05-11 17:20:00,28.31269907315715,0.32647005777755755,567.183541005437,0.19794199340739993,156.69453902571453,56.66362389211874
2022-05-11 17:25:00,33.64726516194766,0.40717958998461756,652.732188110334,0.19726563463986668,156.62974258638886,56.552045368537776
2022-05-11 17:30:00,34.57546006414833,0.4878891221916779,679.3788736165162,0.1999927749333666,156.56494614706315,56.676453186030386
2022-05-11 17:35:00,32.881970153391215,0.5685986543987375,696.8841134033046,0.19973959290810014,156.50014970773748,57.00192438761129
2022-05-11 17:40:00,24.475828731320327,0.6493081866057975,576.6864474894104,0.1986400554753999,156.43535326841183,56.279799952192235
2022-05-11 17:45:00,29.834063463225927,0.7300177188128574,690.9797114054173,0.1979781623661,156.37055682908615,56.67946622721508
2022-05-11 17:50:00,25.590626363747496,0.8107272510199175,609.2990659077805,0.19973838623286655,156.3057603897605,56.701703074131814
2022-05-11 17:55:00,26.730804398854843,0.8914367832269773,637.5577059427773,0.19681352141849995,156.24096395043483,56.26190859477202
2022-05-11 18:00:00,27.81924325624185,0.9721463154340377,657.7793360392056,0.20140095339599992,156.17616751110916,56.20165140788283
2022-05-11 18:05:00,28.75410465240148,1.052855847641097,620.396339263902,0.19699436565649994,156.11137107178354,56.070090484611136
2022-05-11 18:10:00,29.376427138643322,1.133565379848157,639.7642867024572,0.19864005545933344,156.04657463245783,56.11556727092267
2022-05-11 18:15:00,31.800814177189526,1.2142749120552172,670.781813964823,0.19986979974483338,155.98177819313216,55.77582066854367
2022-05-11 18:20:00,28.552973845809877,1.294984444262277,620.3103498840154,0.19856771703033332,155.91698175380648,56.08323170980197
2022-05-11 18:25:00,29.124928836820004,1.3756939764693372,681.0864444986807,0.19788050639316673,155.8521853144808,55.966695683793844
2022-05-11 18:30:00,29.17009344736615,1.456403508676397,656.397047220846,0.19907408230933332,155.7873888751551,56.5417860921235
2022-05-11 18:35:00,28.29800534248432,1.5371130408834572,696.8714781697374,0.1988209002246666,155.7225924358295,55.49159614563282
2022-05-11 18:40:00,26.750450843177028,1.6178225730905174,651.3345791625826,0.19925854515893324,155.65779599650384,55.21606197611561
2022-05-11 18:45:00,26.77005096436741,1.6985321052975773,678.6891719563556,0.2017505878896001,155.59299955717813,55.55091678873706
2022-05-11 18:50:00,26.63760495821442,1.779241637504637,649.8663782755322,0.1977611496499667,155.5282031178525,56.7214694824241
2022-05-11 18:55:00,27.99131737072949,1.859951169711697,677.2547594400844,0.19583515072745827,155.46340667852684,55.85782240294633
2022-05-11 19:00:00,28.26609692573317,1.9406607019187576,684.6495325058233,0.19437392383820837,155.3986102392011,55.82021988932196
2022-05-11 19:05:00,27.879617497121515,2.0213702341258175,631.7788394016934,0.19277344552749995,155.3338137998755,55.58645514424384
2022-05-11 19:10:00,30.549565179829695,2.102079766332877,694.543410196916,0.19620226651659997,155.2690173605498,55.84670315552178
2022-05-11 19:15:00,29.7740546722347,2.182789298539937,641.620386454252,0.19421658832386665,155.2042209212241,55.913238271077404
2022-05-11 19:20:00,30.59945519766124,2.2634988307469968,699.5768216756028,0.19535591155796664,155.13942448189846,55.62163187246454
2022-05-11 19:25:00,29.667749305732595,2.344208362954057,710.3779013264735,0.19450835246716672,155.07462804257278,55.20226994231895
2022-05-11 19:30:00,29.0880292040552,2.424917895161117,687.6212927245923,0.1966772850168,155.00983160324714,55.961546839395716
2022-05-11 19:35:00,27.713991378149817,2.505627427368177,601.2934237670751,0.1934642739672667,154.94503516392146,56.350700144450386
2022-05-11 19:40:00,30.985988735620424,2.586336959575237,666.3528900485395,0.19162689016203335,154.8802387245958,55.6629241790682
2022-05-11 19:45:00,25.28788518353977,2.6670464917822962,571.0384046902033,0.1944589214393001,154.81544228527017,55.72806772359858
2022-05-11 19:50:00,28.459036554972517,2.747756023989357,621.0672213338038,0.19490379947450007,154.75064584594443,55.566001642862766
2022-05-11 19:55:00,27.383691520687613,2.828465556196417,655.5719953206208,0.18823062278356664,154.6858494066188,56.758086105344205
2022-05-11 20:00:00,29.850448614759134,2.9091750884034764,693.5857045898249,0.18974610378856668,154.62105296729314,55.26660457865249
2022-05-11 20:05:00,25.52347442945141,2.9898846206105363,584.6114547118971,0.19279547736597283,154.55625652796743,55.89698547363447
2022-05-11 20:10:00,28.725654621120235,3.070594152817596,703.060549926738,0.1909393508202274,154.49146008864182,55.27017776489332
2022-05-11 20:15:00,29.74082679748233,3.1513036850246556,672.3386174519655,0.19369696105783352,154.42666364931614,56.35634916516443
2022-05-11 20:20:00,25.384499320987977,3.232013217231717,628.7429642740722,0.19506897157693345,154.36186720999046,55.61084047614317
2022-05-11 20:25:00,28.938975277735906,3.3127227494387768,674.9670007730906,0.1945148186002637,154.2970707706648,55.73630362447436
2022-05-11 20:30:00,28.71801936705761,3.393432281645837,659.7673593546394,0.19100313863990295,154.23227433133917,55.23707677714577
2022-05-11 20:35:00,28.89181269963589,3.474141813852897,665.1446970418094,0.19013311122959992,154.16747789201344,55.871682744343055
2022-05-11 20:40:00,28.692663937253723,3.5548513460599573,646.7923366495592,0.19279153111556685,154.10268145268782,55.67692998250979
2022-05-11 20:45:00,28.4318411534591,3.635560878267016,636.2768385009585,0.19420935423140004,154.03788501336211,55.45494346110018
2022-05-11 20:50:00,30.107521206542607,3.7162704104740767,635.283222452783,0.19115307661566672,153.97308857403644,55.095240987146546
2022-05-11 20:55:00,32.41344707807515,3.7969799426811375,700.3316908772593,0.19310620021116667,153.90829213471076,55.890239722845934
2022-05-11 21:00:00,27.75169728915515,3.877689474888197,626.3312178548006,0.19127309125071204,153.84349569538512,55.44829713730356
2022-05-11 21:05:00,33.91123011588952,3.9583990070952564,697.7293659260894,0.19196983785778818,153.77869925605944,55.08624189758529
2022-05-11 21:10:00,31.650540011726328,4.039108539302315,695.2170829467636,0.19488571530826676,153.71390281673376,55.25090738423764
2022-05-11 21:15:00,27.12876645533096,4.119818071509376,635.7319735717568,0.19280238161580002,153.64910637740815,56.065252705892384
2022-05-11 21:20:00,33.285243579859355,4.200527603716436,693.8470816650183,0.1942941881078424,153.58430993808244,56.9868041356384
2022-05-11 21:25:00,30.608778858824298,4.281237135923496,646.9551544596153,0.19299604956825742,153.51951349875677,56.273314272564534
2022-05-11 21:30:00,28.703074263889697,4.361946668130557,667.8178215535264,0.19459406227160614,153.45471705943112,56.063026911421936
2022-05-11 21:35:00,32.011109008161654,4.442656200337616,707.0953798421042,0.19444445418630313,153.38992062010544,55.76889529927541
2022-05-11 21:40:00,29.85704531733348,4.523365732544676,632.9303362528366,0.1922578731638787,153.32512418077974,56.59162619526966
2022-05-11 21:45:00,28.521673806504836,4.604075264751736,657.8504106139931,0.19163478124098993,153.2603277414541,55.822718658440486
2022-05-11 21:50:00,30.87546190898396,4.6847847969587955,635.044236551902,0.1911711601163889,153.19553130212847,55.970072199502695
2022-05-11 21:55:00,31.248931929271347,4.765494329165856,658.5004533894677,0.19094329649593336,153.13073486280277,55.315200820917475
2022-05-11 22:00:00,33.17265759362477,4.846203861372915,678.8513870849388,0.19067926276400013,153.0659384234771,56.226441436761355
2022-05-11 22:05:00,31.833747578719905,4.926913393579976,708.6960079345516,0.18795573724393344,153.00114198415142,55.71243709309959
2022-05-11 22:10:00,29.940119177499778,5.007622925787035,611.9242075951162,0.19071181410979993,152.9363455448257,56.22026105754038
2022-05-11 22:15:00,30.53792255211563,5.088332457994095,612.8888275116732,0.19146051156999996,152.87154910550012,55.855636657715245
2022-05-11 22:20:00,30.757935468675623,5.1690419902011575,709.9287494710104,0.19156178696746665,152.80675266617445,56.20365770467512
2022-05-11 22:25:00,32.28083560671121,5.249751522408217,657.4562191060234,0.19424552399120004,152.74195622684874,56.00221871948603
2022-05-11 22:30:00,26.740336792808126,5.3304610546152755,655.2925030415681,0.19603950570563353,152.67715978752307,55.85345894877561
2022-05-11 22:35:00,28.673497406636326,5.411170586822336,698.7611804809362,0.19057196048325556,152.61236334819742,56.05164882406115
2022-05-11 22:40:00,27.999445041021325,5.491880119029395,613.951843404115,0.18911555638011127,152.54756690887172,56.6456831258162
2022-05-11 22:45:00,29.83751953761049,5.572589651236457,704.6940310261851,0.19191262480966664,152.4827704695461,57.0046021016517
2022-05-11 22:50:00,29.93070957819083,5.653299183443515,673.9446098836065,0.1924370746265,152.4179740302204,57.46389806111551
2022-05-11 22:55:00,31.18556345622033,5.734008715650575,676.9237516275916,0.18919271719453337,152.35317759089475,56.30435287475556
2022-05-11 23:00:00,32.27719178517578,5.814718247857635,628.2797332763482,0.18982567399733324,152.28838115156907,56.61856021118116
2022-05-11 23:05:00,31.178737068177828,5.895427780064695,657.7603408813338,0.1892216523847,152.22358471224342,56.56775242105925
2022-05-11 23:10:00,30.80955546378766,5.976137312271756,643.980840182814,0.19429616085320003,152.15878827291777,56.225524622599515
2022-05-11 23:15:00,31.010535471604193,6.056846844478815,691.0542117377213,0.18964680307303627,152.09399183359207,55.67537740579981
2022-05-11 23:20:00,28.922005783295972,6.137556376685875,651.1399041747859,0.19106101003946974,152.0291953942664,56.18548606364181
2022-05-11 23:25:00,31.74075608296871,6.218265908892936,675.805843607569,0.1919122967186606,151.96439895494075,57.27375598144618
2022-05-11 23:30:00,30.010385574340333,6.298975441099997,659.8017943928864,0.1911977953074305,151.89960251561504,56.51497389729449
2022-05-11 23:35:00,30.935642050440354,6.379684973307056,677.6331176757665,0.1926853261636365,151.83480607628942,56.96389115396714
2022-05-11 23:40:00,26.044761376063057,6.460394505514115,564.5974575654524,0.1954391012753334,151.77000963696375,56.516069322058755
2022-05-11 23:45:00,29.171328595474314,6.541104037721174,692.3260823364084,0.6882270364779,151.70521319763807,57.46896745161026
2022-05-11 23:50:00,28.783489714306263,54.3614414500479,626.8406241861829,200.56360890199406,152.21004417572522,56.71628746032984
2022-05-11 23:55:00,27.605551204043206,62.4874353319736,655.9292936401163,177.95411046346064,164.8282669864402,56.886540670683296
2022-05-12 00:00:00,31.176340192166535,62.42792657853079,675.4502341715297,180.59963562013004,167.1533845621935,56.38095587066075
2022-05-12 00:05:00,28.59193190574922,61.45569360225306,601.3100044250374,182.35084777832728,157.73409815981108,56.94714311727211
2022-05-12 00:10:00,31.065837523151426,60.203366806036996,677.3107316080525,163.4596035264409,155.63584814453068,57.063540964757664
2022-05-12 00:15:00,29.344752318699452,1.1167341795082073,634.993053517649,63.89164532856537,152.21523403865046,57.800110087076284
2022-05-12 00:20:00,26.461353244147546,0.26639696653871253,598.0533129780945,0.18956164083866658,151.68456541177983,57.18808074951008
2022-05-12 00:25:00,29.43974799791552,0.45645425538916146,648.6407890116199,0.19259983537350003,151.56485676612283,57.60813903808218
2022-05-12 00:30:00,29.770161526990094,0.6465115442396102,638.6535353596863,0.1897605698323333,151.44514812046575,57.27187321980455
2022-05-12 00:35:00,30.050744136184047,0.836568833090059,659.3842509275336,0.19225623063333347,151.32543947480872,57.471584472663416
2022-05-12 00:40:00,31.601430368425312,1.026626121940508,659.7025202618047,0.1890371909258336,151.2057308291517,56.8880411783885
2022-05-12 00:45:00,29.968176422762212,1.216683410790957,620.0774906107448,0.19127243386599996,151.0860221834946,56.91106607610474
2022-05-12 00:50:00,31.648029965717427,1.4067406996414056,687.5487163492702,0.1919632627546001,150.9663135378376,57.328392328434894
2022-05-12 00:55:00,30.877176959353893,1.5967979884918546,632.9349687092966,0.19092521173436672,150.84660489218052,57.35389012654758
2022-05-12 01:00:00,29.206520725253323,1.7868552773423034,661.1160338134565,0.19222006179906684,150.7268962465235,56.795250315351346
2022-05-12 01:05:00,29.542278687154624,1.9769125661927525,679.3263206786903,0.18914569734900002,150.60718760086647,57.307111951555065
2022-05-12 01:10:00,29.004563563662984,2.1669698550432006,635.7745942179196,0.18974248616803335,150.4874789552094,57.407660700803135
2022-05-12 01:15:00,28.61291421191411,2.3570271438936503,682.2925552978326,0.19335938451719997,150.36777030955236,56.53611432069846
2022-05-12 01:20:00,28.62833784439162,2.5470844327440987,692.5137133585393,0.19330874689073338,150.2480616638953,56.681308230932885
2022-05-12 01:25:00,28.219057449155546,2.737141721594548,640.4396788567274,0.1899775849731668,150.12835301823827,56.04027370876583
2022-05-12 01:30:00,27.025345684681003,2.9271990104449976,671.5933824327088,0.18889251426583334,150.00864437258124,56.53182215372719
2022-05-12 01:35:00,29.208823448819178,3.1172562992954456,666.7977083333154,0.1881908364574333,149.8889357269242,56.630407104493045
2022-05-12 01:40:00,29.394387203853668,3.307313588145895,682.943302781827,0.19087457427186666,149.76922708126713,56.58344416300034
2022-05-12 01:45:00,27.043514204024003,3.497370876996343,647.0425725300936,0.19327981181566675,149.6495184356101,56.05182946269194
2022-05-12 01:50:00,29.03237758763723,3.6874281658467907,669.7911189100247,0.1939634070827667,149.52980978995308,56.55279457601126
2022-05-12 01:55:00,29.813636775338296,3.8774854546972417,621.045032755515,0.1895869601295334,149.41010114429602,56.06801726278327
2022-05-12 02:00:00,29.16874623933316,4.0675427435476905,686.5628844604282,0.18935186080543331,149.29039249863897,56.3191558810149
2022-05-12 02:05:00,30.19942052841212,4.257600032398139,699.0968830973098,0.1937500098524002,149.17068385298197,56.02982833631926
2022-05-12 02:10:00,29.02068116569681,4.447657321248588,607.9824234212083,0.18770135045906677,149.05097520732488,56.32084150696783
2022-05-12 02:15:00,26.78277534844907,4.637714610099036,639.6298589884273,0.18803823895747637,148.93126656166783,56.02483682250851
2022-05-12 02:20:00,34.30187803587137,4.827771898949485,712.147249755843,0.19116943867852393,148.8115579160108,56.27994361877116
2022-05-12 02:25:00,29.813270558248206,5.017829187799935,699.1369974432871,0.18648727668099996,148.69184927035374,56.03836418152236
2022-05-12 02:30:00,26.625192041397106,5.207886476650384,562.4465127393856,0.1873372499091668,148.5721406246967,56.15151206970646
2022-05-12 02:35:00,32.13438212712865,5.397943765500833,709.2525895182094,0.1898184405173333,148.4524319790397,56.270258102416605
2022-05-12 02:40:00,31.567859284090343,5.58800105435128,703.2194218953261,0.18757234694956662,148.3327233333826,56.285294710792755
2022-05-12 02:45:00,27.784875011447856,5.778058343201729,592.4113143920767,0.19151717737576682,148.21301468772558,56.333907517325656
2022-05-12 02:50:00,32.80870337804078,5.9681156320521795,696.4044038899535,0.19001495953530007,148.09330604206855,56.564043051824456
2022-05-12 02:55:00,28.782216383613843,6.158172920902628,612.7168174234889,0.18560475469620005,147.9735973964115,56.255909820557925
2022-05-12 03:00:00,33.93685708681749,6.348230209753076,671.0468754475735,0.19081670547466692,147.85388875075446,55.877010884600836
2022-05-12 03:05:00,31.35578118006068,6.538287498603523,661.2733096923683,0.1898220576976,147.7341801050974,55.861917912800735
2022-05-12 03:10:00,33.640419816973996,6.728344787453974,719.8817132229129,0.18918548415539996,147.61447145944035,56.19458896890954
2022-05-12 03:15:00,30.226441090899502,6.918402076304425,696.7788812187814,0.19048756801716663,147.49476281378332,57.42436889649031
2022-05-12 03:20:00,25.44757941140801,7.108459365154872,506.1559061889518,0.188815573816894,147.37505416812627,55.46096510658755
2022-05-12 03:25:00,30.971784758044492,7.29851665400532,717.5609993692862,0.18662570655297278,147.2553455224692,55.27648649251594
2022-05-12 03:30:00,32.77243009567351,7.488573942855769,724.723600463846,0.18985822635170016,147.1356368768122,55.88045930989905
2022-05-12 03:35:00,24.297944250113332,7.678631231706217,528.7387992121726,0.18923973714733333,147.01592823115516,57.303321146650426
2022-05-12 03:40:00,29.587955780024192,7.868688520556668,662.4372687784629,0.18722874164503336,146.89621958549807,56.10402733357864
2022-05-12 03:45:00,34.690238265995504,8.058745809407116,696.4191997273582,0.1848307393445334,146.7765109398411,56.22946016947661
2022-05-12 03:50:00,30.527089822553545,8.248803098257564,687.1471211751098,0.18948930316266668,146.65680229418402,56.00273798624813
2022-05-12 03:55:00,27.445769373566623,8.438860387108013,609.6556741332814,0.19215857485670024,146.53709364852696,56.738634058640216
2022-05-12 04:00:00,23.593980120549173,16.12995679133648,559.6752178954932,70.83780763290315,146.41738500286993,56.863113861094824
2022-05-12 04:05:00,33.86935256322483,61.00212053934544,648.4738707478643,179.53632627360267,148.89413616371957,56.081297090322984
2022-05-12 04:10:00,31.013936023711672,63.13940346398901,664.390305480934,176.87419066875233,164.02740281339263,55.417827980890856
2022-05-12 04:15:00,32.43786598840881,62.15183851114532,653.3332650756627,183.13008227030588,162.9534675903635,56.79404723104219
2022-05-12 04:20:00,26.72361710866252,62.166100819902994,561.1200821126174,180.01527792358104,161.57432484436404,56.600364802040446
2022-05-12 04:25:00,33.20982889811745,61.19782229232928,670.2433092447742,180.70363631186024,153.77776557413975,56.59130107625443
2022-05-12 04:30:00,32.84801668485015,63.42530286365122,642.259228135835,177.90330723572302,166.18674860637492,55.658677480060504
2022-05-12 04:35:00,29.33401209194849,63.10497424359176,632.2654950493513,181.49754919942782,170.00094656375856,56.74064307148819
2022-05-12 04:40:00,30.389149243673966,62.70737828907259,623.4008086954564,178.75197574870867,165.30012653098683,57.493332784021426
2022-05-12 04:45:00,28.072814670564878,62.52294605197641,590.7305752665086,179.37104039510646,166.34912951916192,56.06098593648326
2022-05-12 04:50:00,34.126036129001,62.37190961814165,682.178508137996,181.77091512044285,166.0455200195205,56.69993932088782
2022-05-12 04:55:00,29.921691619547587,61.51559071477527,632.5054754638485,180.6426408894952,155.30248363496312,56.44909627278699
2022-05-12 05:00:00,26.409913179065914,62.16851292293018,543.3635509299139,178.9384189860075,161.57352210999096,57.1381342061358
2022-05-12 05:05:00,31.570429474513027,62.81203085581317,636.1090541585091,176.20096087647144,166.68508263058027,56.78393313599065
2022-05-12 05:10:00,30.635693273539953,62.84213572819683,637.0820874023293,185.22441607157967,169.47849253335932,56.8450523274736
2022-05-12 05:15:00,30.22208756447048,62.99159749348221,663.840986836731,169.87029963727304,169.18039154053187,56.34083651733522
2022-05-12 05:20:00,27.094869721604724,43.34188789354907,576.42115294257,73.047534434767,176.76613368005576,58.50382008272008
